"","q33","q35","q36","q37","q44","q61","q139","se2","se3_1","se3_2","se4","se5","se5a","se6","se7","se7a"
"1",1,2,2,2,4,2,3,1,1990,27,1,8,17,40,1,2
"2",1,2,2,2,3,4,2,2,-1,-1,9,9,-1,40,1,2
"3",2,2,2,2,4,3,2,1,1930,87,4,1,-1,40,1,2
"4",1,2,2,2,3,3,3,2,1962,55,4,5,9,40,1,2
"5",1,2,2,2,4,4,4,1,1968,49,2,7,12,40,1,2
"6",1,2,2,2,4,2,3,2,1959,58,2,3,6,40,1,1
"7",1,2,2,2,3,3,4,1,1970,47,2,7,12,40,1,2
"8",1,2,1,2,4,3,2,2,1963,54,4,3,6,40,1,2
"9",1,2,2,2,3,2,2,1,1961,56,2,9,15,40,1,2
"10",1,2,2,2,3,2,2,2,1980,37,2,9,15,40,1,2
"11",1,2,2,2,3,9,3,1,1966,51,2,6,11,40,1,2
"12",1,2,8,2,3,3,2,2,1964,53,2,1,-1,40,1,2
"13",1,2,2,2,3,3,2,1,1969,48,2,6,8,40,1,2
"14",1,1,2,2,3,2,7,2,1950,67,2,2,5,40,1,2
"15",1,2,2,2,2,2,2,1,1952,65,2,5,9,40,1,1
"16",1,2,2,2,2,8,2,2,1973,44,2,3,6,40,1,2
"17",1,2,2,2,3,2,2,1,1976,41,2,3,6,40,1,2
"18",1,2,2,2,2,2,2,2,1965,52,2,4,8,40,1,1
"19",1,1,2,1,1,3,2,1,1970,47,2,7,12,40,1,1
"20",1,2,2,2,3,1,2,2,1976,41,2,9,15,40,1,1
"21",1,2,2,2,2,1,2,1,1957,60,2,1,-1,40,1,2
"22",1,2,2,2,4,2,2,2,1983,34,2,7,9,40,1,2
"23",1,2,2,2,4,2,2,1,1982,35,2,3,6,40,1,2
"24",2,2,2,2,4,2,8,2,1977,40,2,2,2,40,1,3
"25",1,2,2,2,2,2,2,1,1981,36,2,3,6,40,1,2
"26",1,2,2,2,2,2,2,2,1968,49,2,3,6,40,1,2
"27",1,2,2,2,3,2,8,1,1993,24,1,7,-1,40,1,3
"28",2,2,2,2,4,1,2,2,1943,74,2,2,2,40,1,2
"29",1,2,2,2,2,2,2,1,1982,35,2,7,9,40,1,2
"30",1,2,2,2,1,2,2,2,1987,30,2,7,9,40,1,3
"31",1,2,2,2,3,2,2,1,1942,75,2,5,9,10,4,2
"32",9,2,2,2,3,2,2,2,1969,48,2,6,12,10,4,2
"33",1,2,2,2,3,1,1,1,1976,41,2,7,12,20,4,3
"34",1,2,2,2,4,2,2,2,1944,73,4,2,5,20,4,2
"35",1,2,1,2,2,2,2,1,1979,38,4,6,10,20,4,3
"36",1,2,2,2,8,2,3,2,1957,60,2,2,3,20,4,2
"37",1,2,2,2,4,2,2,1,1969,48,2,5,10,10,5,2
"38",9,2,2,2,3,2,2,2,1969,48,4,2,5,10,4,2
"39",1,2,2,2,2,2,2,1,1952,65,2,6,11,20,4,2
"40",1,2,2,2,3,2,2,2,1970,47,2,5,12,10,4,3
"41",2,2,2,2,3,2,3,1,1974,43,1,9,15,40,1,2
"42",2,2,1,2,3,2,2,2,1983,34,2,3,6,40,1,1
"43",1,2,2,2,1,1,1,1,1993,24,1,7,12,40,4,1
"44",1,2,2,2,2,1,2,2,1978,39,2,7,12,40,2,2
"45",9,2,2,2,3,3,3,1,1997,20,1,7,12,40,1,2
"46",1,2,2,2,2,3,3,2,1956,61,1,9,12,40,99,1
"47",2,2,2,2,3,1,3,1,1956,61,2,3,6,40,1,2
"48",2,2,2,2,2,3,2,2,1995,22,1,7,12,40,1,2
"49",1,2,2,2,2,3,2,1,1969,48,2,5,9,40,1,1
"50",1,1,1,1,2,3,2,2,1957,60,2,7,12,40,1,1
"51",1,2,2,2,4,1,3,1,1980,37,2,7,12,40,1,2
"52",1,2,2,2,3,1,3,2,1990,27,2,5,9,40,1,2
"53",1,2,1,2,4,2,3,1,1988,29,2,7,12,40,1,2
"54",1,2,2,2,3,3,3,2,1955,62,2,2,2,40,1,1
"55",1,2,2,2,4,2,2,1,1966,51,2,6,12,40,1,2
"56",2,2,2,2,3,2,3,2,1955,62,4,7,12,20,2,2
"57",1,2,1,1,2,3,3,1,1960,57,2,7,12,40,1,2
"58",1,1,1,2,2,2,2,2,1973,44,2,7,12,40,1,2
"59",1,2,1,2,3,3,2,1,1984,33,2,7,12,40,4,3
"60",1,2,2,2,3,2,2,2,1977,40,2,7,12,40,1,1
"61",1,1,2,2,3,1,3,1,1945,72,2,2,7,20,4,1
"62",1,1,2,2,3,1,3,2,1949,68,2,5,9,20,4,1
"63",1,2,2,2,2,2,3,1,1964,53,2,7,12,20,4,2
"64",1,1,2,2,3,2,3,2,1957,60,2,3,7,20,4,2
"65",1,1,2,2,3,1,3,1,1954,63,9,8,12,10,4,9
"66",1,2,2,2,3,1,3,2,1984,33,2,5,9,20,4,2
"67",1,2,2,2,2,2,3,1,1965,52,2,5,12,20,5,1
"68",1,1,1,1,2,1,3,2,1955,62,2,6,12,20,4,2
"69",1,1,2,2,2,2,3,1,1945,72,2,3,6,20,4,2
"70",1,2,2,2,3,2,3,2,1951,66,2,7,12,10,5,2
"71",1,2,2,2,1,2,3,1,1953,64,2,3,6,40,1,1
"72",1,2,2,2,8,2,2,2,-1,-1,2,2,2,40,1,2
"73",1,2,2,2,3,2,3,1,1976,41,1,3,6,40,1,2
"74",1,2,2,2,4,2,2,2,1972,45,1,3,6,40,1,2
"75",1,2,2,2,2,2,2,1,1941,76,2,2,3,40,1,1
"76",1,2,2,2,4,2,2,2,1956,61,2,2,3,40,2,2
"77",1,2,2,2,3,2,2,1,1970,47,2,2,3,40,2,2
"78",1,2,2,2,3,2,2,2,1969,48,2,4,9,40,1,1
"79",2,2,2,2,3,2,8,1,1947,70,2,2,4,40,1,2
"80",1,2,2,2,4,2,2,2,1952,65,2,2,5,40,1,3
"81",1,2,2,2,2,2,2,1,1975,42,2,7,12,40,1,2
"82",1,1,1,2,2,3,3,2,1978,39,2,9,17,40,1,2
"83",1,2,2,2,3,2,3,1,1951,66,2,9,15,20,4,2
"84",1,1,1,2,4,2,2,2,1973,44,2,3,6,40,1,2
"85",2,2,2,2,3,3,3,1,1993,24,1,9,15,20,4,2
"86",1,2,2,2,2,1,3,2,1986,31,2,7,12,20,4,3
"87",1,1,2,2,2,2,2,1,1954,63,2,6,10,40,1,2
"88",1,1,2,2,2,3,3,2,1979,38,2,7,12,40,1,3
"89",1,2,2,2,2,2,3,1,1956,61,2,5,9,40,1,2
"90",1,2,2,2,4,2,2,2,1957,60,4,5,9,40,1,1
"91",1,2,2,2,2,1,2,1,1980,37,2,5,9,20,4,2
"92",1,2,2,2,4,3,3,2,1979,38,2,6,10,20,4,2
"93",1,2,2,2,2,2,1,1,1979,38,2,3,6,20,5,2
"94",1,2,2,2,8,2,8,2,1966,51,4,4,7,20,4,2
"95",2,2,2,2,2,2,3,1,1988,29,1,6,11,20,4,2
"96",1,2,2,2,3,2,3,2,1983,34,4,5,12,20,4,2
"97",1,2,2,2,4,8,2,1,1995,22,1,7,12,20,7,3
"98",1,2,2,2,4,2,8,2,1961,56,2,3,6,20,3,1
"99",1,2,2,2,2,3,2,1,1962,55,2,7,12,20,4,2
"100",2,2,2,2,4,2,2,2,1960,57,2,2,3,20,4,2
"101",1,2,2,2,3,2,2,1,1979,38,2,2,4,40,1,2
"102",1,2,2,2,1,2,3,2,1957,60,2,5,9,40,1,2
"103",1,2,2,2,2,2,3,1,1969,48,2,5,9,40,1,2
"104",1,2,2,2,4,2,3,2,1977,40,4,5,9,40,1,2
"105",1,2,2,2,4,2,3,1,1957,60,2,5,9,40,1,2
"106",1,2,2,2,3,3,2,2,1982,35,2,7,12,40,1,2
"107",1,1,1,1,4,2,2,1,1955,62,2,3,6,40,1,2
"108",2,2,2,2,1,2,3,2,1981,36,2,4,9,40,1,2
"109",1,2,2,2,2,2,3,1,1966,51,4,3,6,40,1,2
"110",1,2,2,2,3,2,3,2,1973,44,2,2,2,40,1,2
"111",1,2,2,2,3,1,3,1,1956,61,2,3,6,40,1,1
"112",1,2,2,2,2,2,3,2,1996,21,1,7,12,40,3,2
"113",1,2,2,2,3,1,3,1,1981,36,2,2,5,40,1,2
"114",1,2,2,2,3,1,3,2,1991,26,1,7,12,40,1,2
"115",1,2,2,2,2,1,4,1,1949,68,2,3,6,40,1,1
"116",1,2,2,2,4,1,2,2,1957,60,2,3,6,40,1,1
"117",1,2,2,2,3,1,2,1,1960,57,2,3,6,40,1,2
"118",1,2,2,2,4,1,2,2,1982,35,2,7,12,40,1,1
"119",1,1,1,1,2,2,3,1,1970,47,2,6,12,40,1,1
"120",1,2,2,2,3,1,4,2,1985,32,2,7,12,40,1,1
"121",1,1,1,1,3,2,3,1,1970,47,2,6,12,40,2,2
"122",1,2,2,2,4,9,2,2,1975,42,2,7,13,40,1,2
"123",2,2,2,2,4,3,3,1,1979,38,2,9,-1,40,1,2
"124",1,2,2,2,4,2,2,2,1947,70,4,3,6,40,1,2
"125",1,2,2,2,3,3,3,1,1950,67,2,7,12,40,1,2
"126",1,2,2,2,4,3,3,2,1987,30,2,9,16,40,1,2
"127",2,2,2,2,3,2,3,1,1982,35,2,7,12,40,2,3
"128",1,2,2,2,4,3,2,2,1972,45,2,7,12,40,1,2
"129",1,2,2,2,4,2,3,1,1954,63,2,6,11,40,1,2
"130",1,2,2,2,3,2,3,2,1959,58,2,9,16,40,1,2
"131",1,2,2,2,3,1,2,1,1976,41,2,9,18,40,1,1
"132",1,2,2,2,3,3,3,2,1979,38,2,5,9,40,1,2
"133",1,1,1,1,2,3,3,1,1976,41,2,3,6,40,1,3
"134",1,2,2,2,2,2,2,2,1986,31,2,7,12,40,1,1
"135",1,2,2,1,2,2,2,1,1976,41,2,3,6,40,1,2
"136",1,2,2,2,2,3,2,2,1979,38,2,6,11,40,1,2
"137",1,1,2,2,3,2,2,1,1964,53,2,3,6,40,1,3
"138",1,2,2,2,2,2,3,2,1971,46,2,5,9,40,1,3
"139",1,1,1,2,1,2,3,1,1968,49,2,4,8,40,1,3
"140",1,2,2,2,2,1,3,2,1970,47,2,2,2,40,1,2
"141",1,2,2,2,2,2,3,1,1965,52,2,7,12,40,1,1
"142",1,2,2,2,4,2,2,2,1972,45,2,7,12,40,1,2
"143",1,2,2,2,3,3,3,1,1956,61,2,7,12,40,1,1
"144",1,2,2,2,4,1,2,2,1967,50,2,5,9,40,1,1
"145",1,1,1,1,3,1,2,1,1964,53,2,6,12,40,1,1
"146",1,2,2,2,3,1,3,2,1966,51,9,5,9,40,1,1
"147",9,2,2,2,2,2,3,1,1968,49,2,7,12,40,1,1
"148",1,2,2,2,1,1,2,2,1979,38,2,5,9,40,1,1
"149",1,2,2,2,3,1,2,1,1972,45,2,9,12,40,1,1
"150",2,2,2,2,4,2,3,2,1980,37,4,3,6,60,1,1
"151",1,2,2,2,2,1,3,1,1986,31,2,5,9,40,1,1
"152",1,1,2,2,2,1,2,2,1989,28,2,7,12,40,1,2
"153",1,1,2,2,2,2,8,1,1945,72,2,2,5,40,1,1
"154",1,1,2,2,4,2,2,2,1987,30,2,7,12,40,1,1
"155",1,1,2,2,3,2,3,1,1982,35,2,9,22,40,1,9
"156",1,2,2,1,3,1,3,2,1991,26,2,9,16,40,1,1
"157",1,1,2,2,3,1,3,1,1973,44,2,7,12,40,1,1
"158",1,1,1,2,3,1,2,2,1971,46,2,7,12,40,1,2
"159",1,1,2,1,3,1,3,1,1975,42,2,7,12,40,1,3
"160",1,1,2,2,2,1,2,2,1965,52,4,1,-1,40,1,1
"161",1,1,2,2,4,7,3,1,1955,62,2,1,-1,40,1,2
"162",2,2,2,2,4,3,2,2,1975,42,2,3,6,40,1,2
"163",1,2,2,2,3,2,2,1,1964,53,2,1,-1,40,1,2
"164",1,1,2,2,2,2,2,2,1990,27,2,5,9,40,1,2
"165",1,1,1,1,2,2,2,1,1982,35,2,5,9,40,1,2
"166",2,2,2,2,3,2,2,2,1980,37,2,3,6,40,1,2
"167",1,2,2,1,2,2,3,1,1979,38,2,3,8,40,1,2
"168",1,2,2,2,4,7,2,2,1965,52,2,1,-1,40,1,2
"169",1,1,1,1,2,1,2,1,1983,34,2,5,9,40,1,2
"170",1,2,2,2,4,2,3,2,-1,-1,2,3,6,40,1,2
"171",1,2,2,2,2,9,2,1,1977,40,2,7,13,40,1,3
"172",1,2,2,2,3,2,2,2,1984,33,2,6,10,40,1,2
"173",1,2,2,2,2,8,3,1,1990,27,1,7,12,40,2,3
"174",1,2,2,2,3,3,2,2,1956,61,2,7,12,40,1,1
"175",1,2,2,2,3,2,2,1,1967,50,2,3,6,40,1,2
"176",1,2,1,2,2,2,1,2,1980,37,2,5,9,40,1,2
"177",1,2,2,2,3,2,3,1,1974,43,2,7,12,40,1,2
"178",1,2,2,2,2,2,3,2,1970,47,2,9,16,40,1,2
"179",1,2,2,2,3,2,8,1,1960,57,2,4,7,40,1,3
"180",1,2,2,2,2,1,3,2,1974,43,2,7,12,40,1,1
"181",1,2,2,2,4,2,2,1,1955,62,2,2,6,40,1,1
"182",1,2,2,2,8,1,2,2,1956,61,1,2,5,40,1,1
"183",1,2,2,2,2,3,3,1,1984,33,2,5,9,40,3,1
"184",2,2,2,2,8,2,2,2,1960,57,1,2,3,40,99,1
"185",1,2,2,2,3,2,3,1,1969,48,2,5,9,40,1,1
"186",1,2,2,2,8,7,8,2,1946,71,4,1,-1,40,1,1
"187",1,2,2,2,2,2,2,1,1976,41,2,3,6,40,7,2
"188",1,2,2,2,2,4,2,2,1992,25,2,6,11,40,1,1
"189",1,1,2,2,2,3,3,1,1986,31,2,6,12,40,1,1
"190",1,2,2,2,4,2,3,2,1996,21,1,6,12,40,99,1
"191",1,1,1,2,2,2,3,1,1984,33,2,7,12,40,1,2
"192",1,2,2,2,2,1,3,2,1981,36,2,2,4,40,1,2
"193",1,1,2,2,2,2,3,1,1983,34,2,9,16,40,1,1
"194",1,2,2,2,4,1,2,2,1962,55,2,9,16,20,1,1
"195",2,2,2,2,4,2,3,1,1989,28,1,9,16,40,1,2
"196",1,2,2,2,4,2,4,2,1958,59,2,7,13,40,1,1
"197",1,2,2,2,2,2,2,1,1955,62,2,2,5,40,1,2
"198",1,2,2,2,3,1,3,2,1961,56,2,7,12,40,1,2
"199",1,2,2,2,3,1,8,1,1956,61,2,3,6,40,1,1
"200",1,1,2,2,2,1,3,2,1979,38,2,5,12,40,1,2
"201",1,2,1,2,2,2,3,1,1976,41,2,8,14,40,1,1
"202",1,2,2,2,4,2,8,2,1958,59,2,3,-1,40,1,2
"203",1,2,2,1,2,2,3,1,1960,57,2,7,12,40,1,1
"204",2,2,2,2,3,2,3,2,1992,25,1,7,12,99,1,1
"205",1,2,2,2,3,2,3,1,1975,42,2,7,12,40,1,1
"206",1,2,2,2,4,2,3,2,1992,25,1,8,16,40,1,1
"207",2,2,2,2,2,2,4,1,1999,18,1,5,11,40,2,1
"208",1,2,2,2,4,2,3,2,1987,30,2,7,12,40,1,3
"209",1,2,2,2,3,2,4,1,1981,36,2,7,12,20,2,2
"210",1,2,2,2,2,2,1,2,1983,34,2,7,12,20,3,2
"211",1,1,2,2,2,2,3,1,1947,70,2,3,9,40,1,2
"212",1,1,2,2,4,2,3,2,1978,39,2,5,9,40,1,2
"213",2,2,2,2,4,2,8,1,1971,46,2,2,4,40,1,2
"214",1,2,2,2,3,2,3,2,1989,28,1,6,12,40,1,1
"215",1,2,2,2,2,1,4,1,1964,53,2,2,3,40,3,3
"216",1,1,2,2,4,2,3,2,1982,35,2,7,12,40,1,2
"217",1,1,2,2,2,2,4,1,1985,32,2,7,12,40,1,1
"218",1,2,2,2,3,8,8,2,1973,44,2,5,9,40,2,2
"219",1,2,2,2,4,1,2,1,1964,53,2,3,6,40,1,2
"220",1,1,2,2,3,2,3,2,1978,39,2,5,9,40,1,1
"221",1,2,1,1,2,2,2,1,1968,49,2,7,12,40,1,2
"222",1,2,2,2,4,2,3,2,1955,62,2,4,8,40,1,2
"223",1,2,2,2,3,1,2,1,1968,49,2,9,16,40,1,1
"224",1,2,2,2,4,2,3,2,1992,25,4,3,6,40,3,3
"225",1,2,2,2,2,1,3,1,1965,52,2,7,12,40,1,2
"226",1,2,1,2,4,2,2,2,1980,37,2,9,16,40,1,2
"227",1,2,2,2,2,2,2,1,1987,30,1,4,8,40,1,1
"228",1,2,2,2,4,2,2,2,1987,30,2,4,9,40,2,3
"229",1,2,2,2,2,1,2,1,1947,70,2,2,3,40,1,1
"230",1,2,2,2,4,2,3,2,1983,34,2,7,12,40,1,1
"231",1,8,1,1,2,3,2,1,1967,50,2,3,6,40,1,2
"232",1,1,2,2,8,2,3,2,1981,36,2,3,6,40,1,1
"233",1,1,1,2,2,2,2,1,1971,46,2,3,6,40,1,1
"234",1,2,2,2,3,2,1,2,1998,19,1,7,12,40,1,2
"235",1,1,1,2,2,2,2,1,1956,61,2,3,6,40,1,2
"236",1,1,2,2,8,2,4,2,1982,35,2,5,9,40,1,2
"237",1,1,1,1,2,1,4,1,1980,37,2,3,6,40,1,2
"238",1,1,2,2,3,2,2,2,1987,30,2,5,9,40,1,2
"239",1,1,1,1,3,2,3,1,1978,39,2,3,6,40,1,2
"240",1,1,1,2,3,2,1,2,1986,31,2,7,12,40,1,2
"241",1,8,8,9,3,8,2,1,1980,37,2,7,12,40,3,3
"242",1,1,8,9,3,8,3,2,1988,29,2,5,8,40,99,9
"243",1,1,2,2,8,8,2,1,1970,47,2,3,6,40,99,9
"244",1,2,8,2,4,2,2,2,1981,36,2,3,6,40,99,3
"245",1,1,1,1,2,1,2,1,1972,45,9,5,9,40,1,3
"246",1,1,2,2,3,9,3,2,1997,20,2,3,6,40,99,9
"247",1,1,2,2,3,9,2,1,1967,50,2,9,16,40,1,2
"248",1,1,2,2,3,2,3,2,1981,36,2,5,9,40,99,9
"249",1,1,1,1,1,1,2,1,1978,39,2,6,8,40,99,9
"250",1,1,1,1,3,2,8,2,1986,31,2,3,8,40,99,9
"251",1,2,2,2,3,2,2,1,1969,48,2,5,9,40,1,1
"252",1,2,2,2,4,1,2,2,1980,37,2,3,6,40,1,2
"253",1,1,1,1,2,1,2,1,1970,47,2,5,9,40,1,2
"254",1,2,2,2,3,2,2,2,1978,39,2,7,12,40,1,2
"255",1,1,1,1,2,1,2,1,1970,47,2,5,9,40,1,2
"256",1,2,2,2,3,2,3,2,1991,26,1,9,16,40,1,2
"257",1,2,1,2,2,2,3,1,1991,26,1,3,6,40,3,2
"258",1,2,2,2,3,2,2,2,1949,68,2,5,9,40,1,1
"259",1,2,2,2,4,2,2,1,1966,51,2,3,6,40,1,1
"260",1,2,2,2,4,2,2,2,1965,52,1,5,9,40,1,1
"261",2,2,2,2,4,2,3,1,1972,45,2,5,9,20,3,1
"262",1,2,2,1,4,2,3,2,1996,21,1,7,12,60,3,3
"263",1,1,2,2,2,3,3,1,1984,33,2,2,1,40,6,3
"264",1,1,2,2,3,4,3,2,1973,44,2,2,2,40,1,3
"265",1,2,2,2,3,2,3,1,1988,29,2,7,12,40,8,3
"266",2,2,2,2,8,2,7,2,1961,56,2,2,2,40,1,1
"267",1,2,1,2,1,4,3,1,1964,53,4,7,12,40,1,2
"268",1,1,1,1,1,2,3,2,1976,41,1,3,6,40,1,1
"269",2,2,2,2,3,2,2,1,1977,40,2,4,9,40,4,2
"270",1,1,1,1,2,2,3,2,1980,37,2,6,10,40,4,2
"271",1,2,2,2,2,2,2,1,1974,43,2,10,19,40,1,2
"272",1,2,2,2,2,1,3,2,1993,24,2,6,12,40,3,3
"273",1,2,2,1,1,2,3,1,1966,51,2,4,6,40,2,2
"274",1,2,2,2,2,2,2,2,1990,27,2,7,12,40,2,2
"275",1,1,1,1,2,2,2,1,1962,55,2,2,3,40,7,2
"276",1,2,1,2,2,2,2,2,1987,30,2,7,12,40,7,2
"277",1,2,2,2,2,4,3,1,1979,38,1,5,9,40,4,2
"278",1,2,2,2,1,2,8,2,1976,41,2,5,9,40,1,2
"279",1,2,1,1,3,4,2,1,1980,37,2,7,13,40,5,1
"280",1,2,2,2,4,4,2,2,1939,78,2,3,6,40,1,2
"281",1,2,2,2,2,2,2,1,1952,65,2,2,2,40,2,2
"282",1,2,1,2,8,2,7,2,1964,53,2,2,1,40,1,1
"283",1,1,1,2,3,1,3,1,1975,42,2,3,6,40,1,2
"284",1,2,2,2,2,2,3,2,1987,30,2,9,16,40,1,2
"285",1,2,1,2,2,1,2,1,1997,20,1,6,9,40,1,1
"286",2,2,2,2,2,1,2,2,1973,44,2,2,6,40,1,2
"287",1,2,2,2,4,1,2,1,1968,49,2,3,6,40,1,1
"288",1,2,2,2,2,2,2,2,1977,40,2,3,6,40,1,1
"289",1,1,2,2,4,1,3,1,1976,41,2,3,6,40,5,2
"290",1,1,2,2,2,2,3,2,1981,36,2,5,9,40,1,2
"291",1,2,2,2,3,3,2,1,1960,57,2,3,6,40,1,1
"292",1,2,1,2,2,2,2,2,1964,53,2,5,9,40,1,2
"293",1,2,2,2,3,2,3,1,1996,21,1,7,12,40,4,3
"294",1,2,2,2,3,2,3,2,1982,35,2,6,12,40,1,1
"295",1,1,2,2,2,2,2,1,1972,45,2,9,16,40,1,1
"296",2,1,2,2,3,2,2,2,1983,34,2,3,6,40,1,2
"297",1,2,2,2,3,3,2,1,1965,52,2,7,12,40,2,3
"298",1,8,2,8,3,2,2,2,1996,21,1,6,15,40,3,1
"299",1,1,2,2,3,2,3,1,1988,29,2,7,12,40,1,2
"300",1,2,2,2,3,2,3,2,1960,57,2,2,2,40,1,2
"301",1,2,1,1,2,1,2,1,1983,34,2,6,12,40,1,2
"302",1,2,2,2,4,2,2,2,1979,38,2,5,9,40,1,1
"303",1,2,2,2,2,2,3,1,1967,50,2,5,9,40,1,2
"304",1,2,1,2,3,3,3,2,1985,32,2,5,12,40,1,1
"305",1,2,2,2,3,1,2,1,1977,40,2,5,12,40,1,2
"306",2,2,2,2,2,1,3,2,1987,30,1,9,17,40,1,2
"307",1,2,2,2,3,2,2,1,1976,41,2,3,6,40,1,2
"308",1,2,2,2,3,2,2,2,1980,37,2,5,9,40,1,1
"309",1,1,2,2,3,1,3,1,1976,41,2,5,9,40,1,1
"310",1,2,2,2,3,2,3,2,1977,40,2,7,12,40,1,1
"311",1,2,2,2,3,1,4,1,1970,47,2,7,12,50,1,1
"312",1,2,2,2,3,1,1,2,1987,30,2,6,12,50,3,2
"313",1,2,2,2,2,2,3,1,1968,49,2,7,12,40,7,1
"314",1,2,2,2,2,2,2,2,1990,27,2,5,9,40,1,1
"315",1,2,2,2,4,1,3,1,1973,44,2,4,7,50,2,1
"316",1,2,2,2,3,3,3,2,1974,43,2,7,12,50,2,2
"317",1,2,2,2,3,2,3,1,1967,50,2,9,13,50,2,2
"318",1,2,2,2,4,8,2,2,1978,39,2,7,12,50,1,2
"319",1,2,1,2,3,2,3,1,1979,38,2,10,23,50,2,2
"320",1,1,1,1,3,1,2,2,1978,39,2,7,12,50,3,1
"321",1,1,2,1,3,2,3,1,1974,43,2,5,9,40,1,1
"322",1,2,2,2,3,2,8,2,1948,69,2,1,-1,40,1,1
"323",1,2,2,2,2,3,3,1,1971,46,1,5,9,40,1,1
"324",1,2,1,2,2,2,2,2,1973,44,2,2,2,40,1,1
"325",1,2,2,2,3,3,2,1,1945,72,2,3,6,40,1,1
"326",1,2,2,2,8,2,3,2,1961,56,2,2,2,40,1,1
"327",1,2,2,2,3,2,3,1,1975,42,2,4,8,40,1,1
"328",1,2,2,2,3,3,3,2,1983,34,2,5,9,40,3,3
"329",1,2,1,2,3,2,2,1,1980,37,2,3,6,40,1,1
"330",1,1,2,2,3,2,3,2,1965,52,2,3,6,40,1,1
"331",1,2,1,2,2,2,3,1,1944,73,2,7,12,40,2,2
"332",1,2,2,2,4,1,3,2,1963,54,2,7,12,40,1,1
"333",1,1,1,1,2,2,3,1,1966,51,2,7,12,40,1,1
"334",1,1,1,1,2,3,2,2,1956,61,2,7,12,40,1,2
"335",1,1,1,2,3,2,1,1,1972,45,2,7,12,40,1,2
"336",1,1,2,2,4,2,3,2,1979,38,2,3,6,40,1,2
"337",1,2,2,2,2,2,2,1,1989,28,2,5,9,40,3,2
"338",1,2,2,2,3,2,2,2,1978,39,2,7,12,40,1,2
"339",1,2,2,2,3,1,2,1,1963,54,2,4,7,40,1,2
"340",1,1,2,2,3,2,2,2,1974,43,2,5,9,40,1,1
"341",1,2,2,2,3,2,3,1,1962,55,2,9,16,40,1,2
"342",1,2,2,2,2,2,3,2,1983,34,2,7,12,40,1,2
"343",1,2,2,2,3,2,3,1,1955,62,2,7,12,40,1,1
"344",1,1,1,2,3,2,2,2,1959,58,2,9,16,40,1,2
"345",1,2,2,2,2,2,2,1,1952,65,2,2,4,40,2,2
"346",1,2,2,2,4,2,3,2,1957,60,2,5,9,40,1,2
"347",1,2,2,2,4,2,2,1,1960,57,2,2,3,40,1,1
"348",1,1,2,2,3,3,2,2,1983,34,2,5,9,40,1,3
"349",1,2,2,1,2,2,3,1,1969,48,2,9,16,40,1,1
"350",1,2,2,2,3,2,2,2,1977,40,2,6,12,40,1,2
"351",2,1,2,2,3,3,3,1,1987,30,1,7,12,40,1,2
"352",1,2,2,2,4,4,3,2,1973,44,2,7,12,40,1,2
"353",2,2,2,2,3,1,2,1,1998,19,1,6,11,40,1,2
"354",1,2,2,2,2,2,3,2,1979,38,2,5,9,40,1,1
"355",1,2,2,2,4,8,8,1,1955,62,4,2,2,40,1,1
"356",1,2,2,2,8,3,2,2,1952,65,4,2,4,40,1,2
"357",1,1,1,1,2,9,3,1,1966,51,2,7,12,40,1,1
"358",1,2,2,2,4,2,8,2,1968,49,2,5,9,40,1,1
"359",1,2,1,1,2,1,8,1,1978,39,2,5,6,40,1,1
"360",1,2,2,2,4,1,2,2,1977,40,2,9,15,40,1,1
"361",1,1,1,2,2,1,3,1,1973,44,2,7,12,40,1,2
"362",1,2,1,1,2,2,2,2,1972,45,2,7,12,40,1,1
"363",2,2,2,2,3,1,2,1,1971,46,2,8,15,40,2,3
"364",1,2,2,2,2,3,3,2,1979,38,2,9,15,20,2,2
"365",1,2,2,2,2,1,2,1,1959,58,2,6,9,10,3,1
"366",1,2,2,2,3,2,2,2,1981,36,2,7,12,40,1,2
"367",1,2,2,2,1,3,3,1,1984,33,2,9,16,20,2,2
"368",1,2,2,2,3,2,1,2,1997,20,1,7,12,40,1,2
"369",1,2,2,2,2,2,2,1,1967,50,1,9,16,40,1,2
"370",1,1,2,2,3,2,2,2,1960,57,2,2,5,40,1,2
"371",1,2,2,2,3,3,3,1,1971,46,2,9,16,20,1,1
"372",1,2,1,1,4,2,2,2,1969,48,2,3,6,40,1,1
"373",1,1,2,1,4,1,3,1,1964,53,2,5,9,40,1,1
"374",1,2,2,2,4,2,3,2,1964,53,2,2,2,40,1,2
"375",1,2,2,2,3,3,3,1,1983,34,2,7,12,40,1,2
"376",1,2,2,1,2,1,3,2,1966,51,4,7,12,40,1,2
"377",1,2,2,2,3,8,3,1,1972,45,2,2,2,40,1,2
"378",1,2,2,2,2,3,4,2,1982,35,2,9,18,40,1,1
"379",1,2,2,2,3,2,3,1,1956,61,2,7,12,40,1,2
"380",1,2,2,2,3,2,3,2,1953,64,4,7,12,40,1,2
"381",1,2,2,2,3,3,2,1,1989,28,1,7,12,40,3,2
"382",1,8,2,2,3,2,3,2,1978,39,2,7,12,40,1,2
"383",1,8,2,2,3,3,2,1,1950,67,2,3,6,40,3,2
"384",1,8,2,2,3,3,3,2,1982,35,2,7,12,40,1,2
"385",1,2,2,2,3,4,3,1,1997,20,1,7,12,40,1,2
"386",1,2,2,2,3,3,3,2,1979,38,4,7,12,40,1,2
"387",1,8,2,1,2,3,3,1,1973,44,2,7,12,40,6,3
"388",1,2,2,2,4,3,3,2,1966,51,2,7,12,40,1,1
"389",1,1,1,1,2,3,2,1,1990,27,2,7,12,40,1,2
"390",1,2,2,2,3,3,2,2,1959,58,2,5,9,40,1,2
"391",1,2,2,1,3,2,2,1,1982,35,2,3,6,40,1,1
"392",1,2,2,2,3,1,3,2,1973,44,2,3,6,40,1,2
"393",1,1,2,2,2,1,3,1,1982,35,2,5,9,40,1,3
"394",1,2,2,2,4,2,3,2,1981,36,2,2,3,40,1,2
"395",1,1,1,1,2,1,3,1,1973,44,2,3,6,40,3,3
"396",1,2,2,2,3,2,3,2,1982,35,2,5,9,40,1,1
"397",1,2,2,2,4,1,2,1,1995,22,2,5,9,40,3,3
"398",1,2,2,2,3,2,3,2,1982,35,2,3,6,40,1,2
"399",1,2,1,1,3,3,3,1,1973,44,2,6,11,40,1,1
"400",1,2,2,2,3,1,3,2,1978,39,2,2,4,40,1,2
"401",1,2,2,2,3,2,1,1,1977,40,2,2,5,40,1,3
"402",1,2,2,2,8,2,8,2,1988,29,2,3,6,40,1,2
"403",1,1,2,2,4,2,2,1,1984,33,2,3,6,40,1,2
"404",2,2,2,2,4,2,2,2,1998,19,2,3,6,40,1,2
"405",1,1,2,2,3,2,3,1,1971,46,2,2,5,40,1,2
"406",1,2,2,2,8,2,2,2,1970,47,2,1,-1,40,1,2
"407",1,2,2,1,3,2,3,1,1982,35,2,5,9,40,1,2
"408",1,1,2,2,4,3,3,2,1987,30,2,3,6,40,1,2
"409",1,2,2,2,9,2,8,1,1976,41,2,2,2,40,1,2
"410",1,2,2,2,8,2,3,2,1976,41,2,2,1,40,1,2
"411",1,2,2,2,4,2,2,1,1957,60,2,3,6,40,1,1
"412",1,2,1,2,2,2,3,2,1990,27,2,8,15,40,1,2
"413",1,2,1,2,4,3,3,1,1967,50,2,7,12,40,1,1
"414",1,1,1,1,2,2,3,2,1965,52,2,7,12,40,1,1
"415",1,2,2,2,3,8,2,1,1992,25,1,2,5,40,3,3
"416",1,2,2,2,3,2,2,2,1991,26,4,7,12,40,1,2
"417",1,2,2,2,2,2,3,1,1990,27,1,9,16,40,3,3
"418",1,2,1,2,4,3,3,2,1978,39,2,9,18,40,1,1
"419",1,1,2,2,4,2,8,1,1955,62,2,6,12,40,1,1
"420",1,2,2,2,2,2,3,2,1996,21,1,8,14,40,1,1
"421",1,1,2,2,3,2,2,1,1963,54,2,3,6,40,1,2
"422",1,2,2,2,8,2,2,2,1958,59,2,2,3,40,1,1
"423",1,1,0,1,3,1,4,1,1976,41,2,7,12,40,1,2
"424",1,2,2,2,4,2,1,2,1967,50,2,2,4,40,1,1
"425",2,2,2,1,3,2,2,1,1997,20,1,7,12,40,1,1
"426",1,2,2,2,3,1,3,2,1994,23,1,7,12,40,1,3
"427",1,2,2,2,3,2,3,1,1969,48,2,3,6,40,1,2
"428",1,2,2,2,3,2,2,2,1974,43,2,3,6,40,1,2
"429",1,1,2,1,3,2,2,1,1990,27,2,5,9,40,1,1
"430",1,2,2,2,4,3,3,2,1965,52,2,3,6,40,1,2
"431",1,2,2,2,3,1,2,1,1983,34,2,9,15,40,1,2
"432",2,2,2,2,3,1,3,2,1997,20,1,5,12,40,3,3
"433",1,2,2,2,2,3,3,1,1965,52,2,2,3,40,1,1
"434",2,2,2,2,3,1,3,2,1975,42,2,3,6,40,1,2
"435",1,8,2,2,2,2,3,1,1975,42,2,5,9,40,1,1
"436",1,2,2,2,1,1,2,2,1995,22,2,5,9,40,1,1
"437",1,1,1,1,1,2,3,1,1963,54,2,7,13,40,1,1
"438",1,2,2,2,3,1,2,2,1990,27,2,5,9,40,1,2
"439",2,2,2,2,3,2,3,1,1961,56,2,7,13,20,3,2
"440",1,2,2,2,3,1,3,2,1941,76,4,2,4,20,3,1
"441",1,2,2,2,4,3,3,1,1980,37,2,7,12,60,1,1
"442",1,2,2,2,2,2,3,2,1950,67,4,5,9,40,1,1
"443",1,2,2,2,4,2,8,1,1970,47,2,5,9,80,1,1
"444",1,2,2,2,4,2,3,2,1964,53,2,7,12,60,1,1
"445",1,2,2,2,2,1,3,1,1973,44,2,7,12,40,1,2
"446",2,2,2,2,2,1,2,2,1990,27,2,7,12,40,3,1
"447",1,2,2,2,4,2,2,1,1957,60,2,5,9,60,1,1
"448",2,2,2,2,4,2,2,2,1966,51,2,7,12,40,1,1
"449",1,2,2,2,3,2,2,1,1953,64,2,7,12,40,1,1
"450",1,2,2,2,2,1,3,2,1950,67,4,7,12,10,4,1
"451",2,2,2,2,3,1,2,1,1947,70,1,7,12,40,1,2
"452",1,2,2,2,4,2,2,2,1976,41,2,2,6,40,1,2
"453",1,2,2,2,3,2,3,1,1979,38,2,7,12,40,1,2
"454",1,2,2,2,4,1,3,2,1959,58,2,1,-1,40,1,1
"455",1,2,2,2,2,1,3,1,1964,53,2,7,12,40,1,2
"456",1,2,2,2,3,1,3,2,1977,40,2,6,11,40,1,3
"457",1,2,2,2,2,2,3,1,1965,52,2,5,9,40,1,2
"458",1,2,2,2,4,8,2,2,1946,71,2,1,-1,40,1,1
"459",1,2,2,2,2,1,3,1,1966,51,2,5,9,40,1,2
"460",2,2,2,2,4,2,2,2,1944,73,2,2,2,40,1,1
"461",1,2,2,2,3,8,8,1,1950,67,2,3,6,40,1,2
"462",1,2,2,2,2,8,3,2,1970,47,2,7,15,40,1,2
"463",1,2,2,2,3,8,3,1,1955,62,2,3,6,40,1,2
"464",1,2,2,2,3,8,2,2,1964,53,2,3,6,40,1,2
"465",1,2,2,2,2,8,3,1,1970,47,2,9,14,40,1,2
"466",1,2,2,2,3,8,2,2,1946,71,4,3,6,40,1,2
"467",1,2,2,2,2,8,3,1,1949,68,1,9,16,40,1,2
"468",1,2,2,2,3,8,3,2,1982,35,2,3,8,40,1,2
"469",1,2,2,2,2,8,3,1,1960,57,2,5,6,40,1,2
"470",1,2,2,2,2,8,3,2,1973,44,4,5,9,40,1,2
"471",2,2,2,2,4,2,3,1,1964,53,2,7,12,40,1,2
"472",1,2,2,2,4,2,3,2,1960,57,2,7,12,40,1,2
"473",1,2,2,2,3,2,3,1,1985,32,1,5,9,40,3,3
"474",1,2,2,2,4,2,2,2,1981,36,2,3,6,40,3,2
"475",1,2,2,2,3,2,3,1,1958,59,2,10,22,40,1,2
"476",1,2,2,2,4,1,2,2,1955,62,2,3,6,40,1,1
"477",1,2,2,2,4,2,3,1,1948,69,2,10,23,20,4,2
"478",1,2,2,2,4,1,3,2,1968,49,2,7,12,40,1,1
"479",1,2,2,2,3,2,3,1,1958,59,5,7,12,40,1,2
"480",1,2,2,2,2,2,3,2,1983,34,5,7,12,40,1,3
"481",1,2,2,2,3,2,2,1,1969,48,2,9,18,40,1,1
"482",1,2,2,2,2,2,2,2,1970,47,2,3,6,40,1,1
"483",1,2,2,2,4,2,3,1,1962,55,2,2,3,40,4,3
"484",1,2,2,2,4,7,8,2,1945,72,4,2,5,40,1,2
"485",1,2,2,2,2,1,3,1,1963,54,2,7,12,40,1,9
"486",8,2,2,2,1,2,3,2,1997,20,1,3,6,40,1,1
"487",1,2,2,2,4,2,3,1,1948,69,2,3,6,40,1,1
"488",1,2,2,2,2,2,3,2,1976,41,2,3,6,40,1,1
"489",1,2,2,2,3,1,2,1,1972,45,2,3,6,40,1,1
"490",1,2,2,2,3,2,3,2,1976,41,2,3,6,40,1,1
"491",1,2,2,2,3,3,2,1,1950,67,2,3,6,40,1,2
"492",1,2,2,2,4,3,3,2,1993,24,2,7,12,40,1,2
"493",1,2,2,2,3,2,2,1,1994,23,1,7,12,40,1,2
"494",1,2,2,2,4,3,3,2,1972,45,2,2,5,40,1,2
"495",1,2,2,2,2,2,3,1,1964,53,2,9,16,40,1,2
"496",1,2,2,2,3,2,3,2,1976,41,2,7,12,40,1,2
"497",1,2,2,2,3,3,3,1,1953,64,2,3,6,40,1,2
"498",1,2,2,2,3,2,3,2,1959,58,2,2,6,40,1,2
"499",1,2,2,2,3,3,3,1,1962,55,2,3,6,40,2,2
"500",1,2,2,2,3,2,3,2,1965,52,2,7,12,40,1,2
"501",1,2,2,2,3,2,2,1,1993,24,2,4,7,40,99,9
"502",1,2,2,2,3,2,3,2,1973,44,2,3,6,40,99,9
"503",1,2,2,2,2,1,3,1,1980,37,2,5,9,40,1,9
"504",1,2,2,2,3,2,3,2,1960,57,2,3,6,40,99,9
"505",1,2,2,2,3,2,2,1,1973,44,2,3,6,40,1,2
"506",1,2,2,2,3,2,3,2,1980,37,2,3,6,40,1,2
"507",1,2,2,2,3,2,3,1,1958,59,2,2,4,40,1,2
"508",1,2,2,2,3,2,3,2,1986,31,2,3,6,40,1,2
"509",1,2,2,2,2,2,2,1,1978,39,2,3,6,40,1,2
"510",1,2,2,2,2,3,3,2,1985,32,2,3,6,40,1,9
"511",1,2,2,2,3,1,2,1,1971,46,2,3,6,40,1,1
"512",1,2,2,2,3,1,2,2,1995,22,2,5,9,40,1,2
"513",2,2,2,2,3,1,2,1,1964,53,2,2,5,40,1,1
"514",1,2,2,2,2,2,3,2,1974,43,2,2,4,40,1,2
"515",2,2,2,2,2,2,2,1,1980,37,2,7,12,40,1,2
"516",1,1,2,2,2,2,2,2,1990,27,2,2,4,40,1,1
"517",1,2,2,2,3,3,2,1,1987,30,2,3,6,40,1,2
"518",1,2,2,2,2,4,8,2,1950,67,2,1,-1,40,1,2
"519",1,2,2,2,4,4,3,1,1959,58,2,7,12,40,1,1
"520",1,2,1,2,2,2,2,2,1963,54,2,3,6,40,1,1
"521",1,2,2,2,2,8,8,1,1959,58,2,2,4,40,1,2
"522",2,2,2,2,2,1,2,2,1996,21,2,5,9,40,1,2
"523",1,2,2,2,2,2,3,1,1982,35,2,7,12,40,1,2
"524",1,2,1,1,4,2,3,2,1989,28,2,9,16,40,1,2
"525",1,2,2,2,2,2,3,1,-1,-1,9,5,-1,99,99,1
"526",1,2,2,2,2,2,3,2,1978,39,2,9,16,40,1,2
"527",1,2,2,2,2,2,2,1,1948,69,2,2,4,40,1,2
"528",1,2,2,2,3,2,2,2,1988,29,1,7,12,40,1,2
"529",1,2,2,2,2,2,2,1,1972,45,2,8,13,40,1,2
"530",1,2,2,2,4,2,2,2,1986,31,2,7,12,40,1,2
"531",1,2,2,2,3,2,3,1,1960,57,2,9,12,40,1,1
"532",1,2,2,2,3,2,2,2,1995,22,1,8,12,40,1,2
"533",1,2,2,2,4,1,3,1,1967,50,2,5,8,40,1,1
"534",1,2,2,2,3,2,3,2,1997,20,1,5,9,40,1,1
"535",1,2,2,2,2,1,2,1,1972,45,2,4,8,40,1,1
"536",1,2,2,2,4,1,3,2,1994,23,1,7,12,40,1,1
"537",1,2,2,2,4,2,7,1,1959,58,2,3,6,40,1,1
"538",1,2,2,2,4,1,4,2,1982,35,2,3,6,40,1,1
"539",1,2,1,2,2,3,2,1,1969,48,2,3,6,40,1,1
"540",1,2,1,1,3,1,3,2,1969,48,5,5,8,40,1,1
"541",1,2,2,2,2,2,4,1,1955,62,2,2,3,40,1,2
"542",1,2,2,2,3,2,3,2,1975,42,2,3,6,40,1,2
"543",1,2,2,2,2,2,3,1,1956,61,1,3,6,40,1,1
"544",1,1,2,2,4,3,2,2,1973,44,2,3,6,40,1,1
"545",1,2,2,2,3,3,2,1,1926,91,2,1,-1,40,1,1
"546",1,1,2,2,2,3,3,2,1970,47,2,3,6,40,1,1
"547",1,1,2,2,2,2,2,1,1982,35,2,5,9,40,2,1
"548",1,2,2,2,3,2,3,2,1950,67,2,2,4,40,1,1
"549",1,2,2,2,3,3,3,1,1975,42,2,3,6,40,1,2
"550",1,1,2,2,3,8,3,2,1963,54,2,2,5,40,1,1
"551",1,2,2,2,3,2,3,1,1977,40,2,7,12,40,1,2
"552",1,2,2,2,2,2,3,2,1978,39,2,9,15,40,1,2
"553",1,2,2,2,2,2,3,1,1947,70,2,7,12,40,1,2
"554",1,2,2,2,3,2,3,2,1970,47,2,9,15,40,1,2
"555",1,2,2,2,3,2,3,1,1960,57,2,7,12,40,1,2
"556",1,2,2,2,3,3,3,2,1960,57,2,7,12,40,1,2
"557",1,2,2,2,3,3,3,1,1966,51,1,8,13,40,1,2
"558",1,2,2,2,3,2,2,2,1965,52,2,5,9,40,1,2
"559",1,2,2,2,3,3,3,1,1961,56,2,8,12,40,1,2
"560",1,2,2,2,3,2,3,2,1969,48,2,7,12,40,1,2
"561",1,2,2,2,2,2,3,1,1960,57,2,3,6,40,1,2
"562",1,2,2,2,8,3,2,2,1991,26,2,3,6,40,1,2
"563",1,2,2,2,3,2,2,1,1974,43,2,3,6,40,1,2
"564",1,2,2,2,4,2,2,2,1990,27,2,3,6,40,1,3
"565",1,2,2,2,3,2,2,1,1970,47,2,2,2,40,1,2
"566",1,1,2,2,2,3,2,2,1984,33,2,3,6,40,1,2
"567",1,2,2,2,3,1,3,1,1991,26,1,5,9,40,1,3
"568",2,2,2,2,3,2,2,2,1976,41,2,3,6,40,1,2
"569",1,2,1,1,2,1,2,1,1989,28,2,7,12,40,2,2
"570",1,2,1,2,2,2,2,2,1978,39,2,2,1,40,1,1
"571",1,2,2,2,3,2,2,1,1950,67,2,1,-1,40,1,2
"572",1,2,2,2,3,7,7,2,1944,73,4,1,-1,40,1,2
"573",1,2,2,0,3,2,3,1,1981,36,2,3,6,40,1,2
"574",1,2,2,2,8,2,3,2,1962,55,4,2,1,40,1,1
"575",1,2,2,2,3,2,2,1,1960,57,2,2,6,40,1,1
"576",1,2,2,2,3,2,3,2,1967,50,2,9,16,40,1,2
"577",1,2,2,2,2,2,3,1,1981,36,2,3,9,40,1,2
"578",1,2,2,2,4,2,3,2,1970,47,2,4,9,40,1,2
"579",1,2,1,2,3,2,3,1,1977,40,2,7,12,40,1,1
"580",1,2,1,1,3,2,3,2,1962,55,2,5,9,40,1,1
"581",1,1,1,1,2,2,3,1,1980,37,2,7,12,40,1,2
"582",1,2,2,2,3,1,4,2,1973,44,2,3,6,40,1,2
"583",1,2,2,1,3,2,3,1,1990,27,1,9,18,40,1,2
"584",1,2,2,2,4,2,3,2,1961,56,4,7,12,40,1,2
"585",1,2,2,2,3,3,2,1,1977,40,2,7,12,40,1,3
"586",1,2,2,2,4,3,9,2,1958,59,2,7,12,40,1,1
"587",1,2,1,2,3,2,3,1,1957,60,2,10,18,40,1,1
"588",1,2,2,2,2,3,4,2,1974,43,2,7,12,40,1,2
"589",1,2,2,2,3,2,3,1,1966,51,2,9,15,40,1,2
"590",1,2,2,2,3,2,2,2,1953,64,2,5,9,40,1,1
"591",2,2,2,2,2,2,3,1,1991,26,1,8,12,40,1,2
"592",1,2,2,2,2,3,3,2,1966,51,2,9,15,40,1,1
"593",1,2,2,2,3,2,2,1,1983,34,2,7,12,40,1,2
"594",1,2,2,2,4,1,1,2,1965,52,2,5,9,40,1,2
"595",1,2,2,2,2,1,3,1,1966,51,2,7,12,40,1,1
"596",1,2,2,2,3,2,1,2,1973,44,2,6,9,40,1,2
"597",1,2,2,2,2,1,3,1,1980,37,2,10,17,40,1,1
"598",1,2,2,2,2,2,3,2,1977,40,2,6,11,40,3,3
"599",1,2,2,2,3,1,2,1,1980,37,2,3,6,40,1,1
"600",1,1,2,2,3,1,2,2,1970,47,2,2,2,40,2,2
"601",1,2,2,2,3,8,2,1,1991,26,1,9,16,40,1,2
"602",1,1,2,2,3,2,2,2,1962,55,2,8,13,99,1,2
"603",1,2,2,2,4,2,2,1,1965,52,2,6,12,40,1,2
"604",1,2,2,2,2,2,3,2,1965,52,2,5,9,40,1,2
"605",1,2,2,2,3,2,2,1,1976,41,2,7,9,40,1,2
"606",2,2,2,2,3,2,2,2,-1,-1,2,5,9,40,1,2
"607",1,2,2,2,4,2,2,1,-1,-1,2,3,6,40,1,2
"608",1,2,2,2,2,2,3,2,1980,37,2,5,-1,40,1,2
"609",1,2,2,2,1,2,2,1,1940,77,2,8,13,40,1,1
"610",1,2,2,2,3,2,3,2,1984,33,2,7,12,40,1,2
"611",1,8,1,2,2,2,3,1,1989,28,2,7,12,40,1,3
"612",1,2,2,2,2,2,2,2,1962,55,2,3,6,40,1,2
"613",1,8,1,2,2,1,2,1,1982,35,2,7,12,40,1,2
"614",1,8,2,2,2,1,3,2,1992,25,2,7,12,40,1,2
"615",2,2,2,2,3,1,2,1,1997,20,1,7,12,40,1,1
"616",1,8,2,2,3,1,3,2,1983,34,2,7,12,40,1,2
"617",1,1,1,2,2,2,3,1,1958,59,2,9,15,40,1,1
"618",1,2,2,2,3,2,2,2,1972,45,2,7,12,40,1,1
"619",1,2,2,2,4,1,3,1,1987,30,2,7,12,40,1,1
"620",1,8,2,2,2,2,2,2,1980,37,2,3,6,40,1,2
"621",1,8,1,2,3,2,3,1,1987,30,2,7,12,40,1,2
"622",1,2,2,2,4,2,2,2,1978,39,2,2,5,40,1,2
"623",1,1,1,1,2,2,3,1,1940,77,2,2,3,40,2,2
"624",1,2,2,1,3,2,2,2,1983,34,2,7,12,40,1,2
"625",1,2,2,2,3,2,2,1,1967,50,2,2,3,40,1,2
"626",1,2,2,2,4,2,2,2,1962,55,2,2,1,40,1,1
"627",1,2,2,2,2,2,2,1,1978,39,2,3,6,40,1,1
"628",1,2,2,2,2,2,2,2,1983,34,2,3,6,40,1,2
"629",1,2,1,1,3,2,2,1,1972,45,2,3,6,40,2,2
"630",1,2,2,2,4,2,2,2,1969,48,2,2,3,40,1,2
"631",1,2,2,2,3,2,2,1,1969,48,5,3,6,40,1,3
"632",1,2,2,2,2,3,2,2,1979,38,2,3,6,40,1,3
"633",1,2,2,2,3,3,2,1,1974,43,2,5,9,40,1,1
"634",1,2,2,2,3,3,3,2,1994,23,2,5,9,40,1,2
"635",1,2,2,2,3,2,2,1,1992,25,2,3,6,40,1,1
"636",1,2,2,2,2,1,1,2,1996,21,1,7,12,40,1,3
"637",1,2,1,2,4,2,2,1,1959,58,2,2,4,40,1,2
"638",1,2,2,2,8,4,8,2,1977,40,2,3,6,40,1,2
"639",1,2,1,2,3,2,2,1,1972,45,2,5,9,40,1,3
"640",1,2,2,2,2,3,2,2,1965,52,2,1,-1,40,1,2
"641",1,2,2,2,3,1,2,1,1969,48,2,2,5,40,1,2
"642",1,2,2,2,3,1,2,2,1970,47,2,3,6,40,1,1
"643",1,1,1,1,2,1,2,1,1969,48,2,5,9,40,1,1
"644",1,2,2,2,3,1,2,2,1990,27,2,5,9,40,2,2
"645",1,2,1,2,4,1,2,1,1985,32,2,6,12,40,1,1
"646",1,1,2,2,3,1,3,2,1965,52,2,7,12,40,1,1
"647",1,2,2,2,2,1,3,1,1971,46,2,8,15,40,1,1
"648",2,2,2,2,3,1,2,2,1977,40,2,6,12,40,1,1
"649",1,2,2,2,3,1,3,1,1961,56,2,9,15,40,1,1
"650",1,2,2,2,3,1,3,2,1982,35,2,6,12,40,1,2
"651",1,2,2,2,3,2,2,1,1995,22,1,7,12,40,1,3
"652",1,2,2,2,4,2,3,2,1963,54,4,2,3,40,1,3
"653",2,2,2,2,3,2,3,1,1983,34,2,9,16,40,1,3
"654",1,2,2,2,3,2,2,2,1955,62,2,2,3,40,1,2
"655",1,1,1,1,2,1,2,1,1983,34,2,7,12,40,1,1
"656",1,2,2,2,3,2,3,2,1986,31,2,5,9,40,1,2
"657",1,2,2,2,3,1,3,1,1980,37,2,7,12,40,1,3
"658",2,2,2,2,2,2,3,2,1985,32,2,5,9,40,1,2
"659",2,2,2,2,3,2,3,1,1972,45,2,5,9,40,1,3
"660",1,2,2,2,3,2,3,2,1988,29,2,9,14,40,1,2
"661",1,2,2,2,4,2,3,1,1954,63,2,3,6,40,1,2
"662",1,2,2,2,3,2,4,2,1990,27,1,5,9,40,1,2
"663",1,1,2,2,2,2,3,1,1976,41,2,2,5,40,1,1
"664",1,2,2,2,4,1,3,2,1988,29,2,5,9,40,1,2
"665",1,2,2,2,4,2,2,1,1984,33,1,7,12,40,1,2
"666",2,2,2,2,3,2,3,2,1994,23,2,3,6,40,1,2
"667",1,2,2,2,4,2,3,1,1963,54,2,7,12,40,1,2
"668",2,2,2,2,2,1,3,2,1997,20,1,6,12,40,1,2
"669",1,2,2,2,2,1,3,1,1982,35,1,3,6,40,1,1
"670",1,2,2,2,4,3,2,2,1968,49,2,3,6,40,1,2
"671",2,2,2,2,2,1,3,1,1993,24,1,7,12,40,1,2
"672",1,2,2,2,2,1,2,2,1972,45,2,3,6,40,1,1
"673",1,2,2,2,3,1,2,1,1984,33,2,2,6,40,1,1
"674",1,2,2,2,3,3,2,2,1993,24,2,7,12,40,1,3
"675",1,2,2,2,3,1,2,1,1979,38,2,3,6,40,1,3
"676",1,2,2,2,2,1,3,2,1988,29,2,7,12,40,1,2
"677",1,2,2,2,3,1,2,1,1994,23,1,2,6,40,1,2
"678",1,2,1,2,2,1,2,2,1973,44,2,3,6,40,1,2
"679",1,2,2,2,2,1,2,1,1971,46,2,5,9,40,1,2
"680",1,2,2,2,4,1,3,2,1982,35,2,4,9,40,1,2
"681",1,2,2,2,3,1,3,1,1992,25,1,7,12,40,1,2
"682",1,2,2,2,3,2,3,2,1973,44,2,7,12,40,1,2
"683",1,2,2,2,4,2,3,1,1972,45,2,2,2,40,3,3
"684",1,2,2,2,4,2,3,2,1981,36,2,3,6,40,1,2
"685",1,2,2,2,2,1,3,1,1963,54,2,7,12,40,1,2
"686",1,2,2,2,2,1,3,2,1996,21,1,8,14,40,1,2
"687",2,2,2,2,2,1,2,1,1980,37,2,9,16,20,4,2
"688",1,2,9,2,2,2,4,2,1970,47,2,9,16,40,1,2
"689",1,2,2,2,4,1,3,1,1958,59,2,2,2,40,1,2
"690",1,2,2,2,3,2,3,2,1962,55,2,3,6,40,1,2
"691",1,2,2,2,3,8,2,1,1966,51,2,1,-1,40,1,9
"692",2,2,2,2,3,8,2,2,1989,28,2,5,9,40,1,3
"693",1,2,2,2,3,8,3,1,1978,39,2,5,9,40,1,3
"694",1,2,2,2,4,8,7,2,1962,55,2,3,6,40,1,1
"695",1,8,8,8,4,2,3,1,1948,69,2,2,2,40,1,2
"696",1,2,2,2,3,8,3,2,1985,32,2,3,9,40,1,2
"697",2,2,2,2,3,8,2,1,1981,36,2,3,6,40,1,2
"698",1,2,2,2,3,2,3,2,1986,31,2,3,6,40,1,2
"699",1,2,2,2,3,2,2,1,1967,50,2,3,6,40,1,2
"700",1,2,2,2,4,2,7,2,1958,59,2,1,-1,40,1,2
"701",1,1,1,1,3,2,2,1,1964,53,2,2,6,40,1,1
"702",1,2,2,2,3,2,3,2,1979,38,2,4,6,40,1,2
"703",1,2,2,2,3,8,2,1,1970,47,2,6,11,40,1,2
"704",1,2,2,2,3,2,2,2,1994,23,2,5,9,40,1,2
"705",1,2,2,2,3,2,3,1,1997,20,1,7,12,40,1,1
"706",1,2,2,2,4,2,2,2,1994,23,1,7,15,40,1,1
"707",1,8,8,2,8,7,8,1,1947,70,2,2,1,40,1,2
"708",1,1,2,2,3,7,2,2,1955,62,2,3,6,40,1,1
"709",1,2,2,8,3,2,3,1,1950,67,2,7,12,40,1,2
"710",1,2,2,2,2,2,2,2,1967,50,2,3,6,40,1,2
"711",1,2,2,2,3,2,2,1,1975,42,2,3,6,40,1,1
"712",1,2,2,2,4,2,2,2,1992,25,2,4,9,40,1,1
"713",1,2,2,2,8,2,8,1,1951,66,2,3,6,40,1,1
"714",1,2,2,2,8,8,8,2,1984,33,2,3,6,40,1,2
"715",1,2,1,1,2,2,2,1,1944,73,2,3,6,40,1,1
"716",1,2,2,2,4,8,2,2,1993,24,2,3,6,40,1,1
"717",1,2,2,2,3,2,3,1,1981,36,2,4,9,40,2,2
"718",1,2,2,2,8,7,8,2,1951,66,2,2,3,40,1,1
"719",1,2,2,2,2,2,3,1,1972,45,2,3,6,40,1,1
"720",1,2,2,2,4,2,2,2,1982,35,2,3,6,40,1,1
"721",1,1,1,2,1,2,4,1,1977,40,2,3,6,40,1,2
"722",1,2,2,2,4,2,8,2,1955,62,2,3,6,40,1,1
"723",1,2,2,2,3,3,4,1,1973,44,2,3,6,40,1,2
"724",2,2,2,2,8,2,4,2,1997,20,1,7,9,40,1,1
"725",1,2,2,2,3,2,4,1,1982,35,2,3,6,40,1,2
"726",1,2,1,1,3,3,4,2,1983,34,2,3,6,40,1,1
"727",1,1,1,2,3,1,4,1,1961,56,2,5,9,40,1,2
"728",1,2,2,2,3,1,4,2,1957,60,2,3,6,40,1,1
"729",2,2,8,2,3,2,4,1,1989,28,1,5,9,40,1,1
"730",1,2,2,2,3,1,4,2,1997,20,2,5,9,40,1,1
"731",1,2,2,2,4,1,8,1,1954,63,2,2,4,40,1,2
"732",1,2,2,2,3,2,3,2,1980,37,2,3,6,40,1,2
"733",1,2,2,2,2,2,3,1,1965,52,2,3,6,40,1,2
"734",1,2,2,2,4,2,3,2,1962,55,2,3,6,40,1,2
"735",1,2,2,2,2,2,2,1,1968,49,2,7,12,40,1,2
"736",1,2,2,1,3,2,8,2,1964,53,2,3,6,40,1,1
"737",1,2,2,2,4,2,8,1,1966,51,2,3,6,40,1,2
"738",1,2,2,2,8,2,3,2,1981,36,2,3,6,40,1,2
"739",2,2,2,2,2,2,8,1,1963,54,2,3,6,40,1,2
"740",1,2,2,2,4,2,8,2,1982,35,2,3,6,40,1,2
"741",1,1,2,2,3,2,3,1,1954,63,4,3,6,40,1,2
"742",1,2,1,1,2,3,3,2,1955,62,4,3,6,40,1,2
"743",1,2,2,2,3,1,2,1,1990,27,2,5,9,40,1,3
"744",1,2,2,2,4,2,2,2,1962,55,2,2,1,40,1,2
"745",1,2,1,2,3,2,2,1,1960,57,2,3,6,40,1,2
"746",1,2,2,2,2,3,3,2,1993,24,2,7,12,40,1,2
"747",2,2,1,1,4,2,3,1,1982,35,2,5,9,40,1,1
"748",1,2,2,2,2,2,3,2,1978,39,2,3,6,40,1,2
"749",1,2,1,1,2,2,3,1,1970,47,2,6,12,40,1,2
"750",1,2,1,2,3,2,3,2,1975,42,2,5,9,40,1,2
"751",1,2,2,2,4,2,2,1,1953,64,2,3,6,40,1,2
"752",1,2,2,2,3,2,2,2,1978,39,2,5,9,40,1,1
"753",1,2,2,2,3,2,2,1,1973,44,2,5,13,40,1,3
"754",1,2,2,2,4,1,3,2,1973,44,2,5,12,60,6,2
"755",1,2,2,2,3,2,3,1,1994,23,1,7,12,40,1,2
"756",1,2,2,2,2,2,2,2,1995,22,2,5,9,40,1,1
"757",1,2,2,2,3,2,2,1,1983,34,2,6,13,40,2,3
"758",1,2,2,2,3,1,2,2,1961,56,2,7,12,40,1,1
"759",1,2,2,2,3,2,2,1,1953,64,2,2,2,40,2,3
"760",1,2,2,2,3,2,2,2,1974,43,2,7,12,40,1,2
"761",1,2,2,2,3,1,3,1,1981,36,2,7,12,40,1,1
"762",1,2,2,2,4,1,2,2,1963,54,2,3,6,40,1,1
"763",1,1,1,1,1,1,1,1,1972,45,2,7,12,40,1,1
"764",1,2,2,2,2,2,2,2,1987,30,2,7,12,40,1,1
"765",1,2,2,2,4,1,3,1,1967,50,5,7,12,40,1,2
"766",1,2,2,2,3,1,3,2,1972,45,2,5,6,40,1,1
"767",2,2,2,2,2,2,3,1,1958,59,2,9,15,40,99,2
"768",1,2,2,2,4,1,1,2,1991,26,2,3,6,40,1,1
"769",1,2,2,2,2,2,3,1,1966,51,2,3,6,40,1,2
"770",1,2,2,2,4,1,2,2,1982,35,2,2,5,40,1,2
"771",2,2,2,2,2,2,3,1,1964,53,2,5,9,40,1,1
"772",1,2,2,2,3,2,2,2,1976,41,2,3,6,40,1,1
"773",1,2,2,2,4,2,8,1,1940,77,4,1,-1,40,1,1
"774",1,2,2,2,8,2,8,2,1946,71,4,2,3,40,1,1
"775",1,2,2,2,2,2,3,1,1977,40,2,5,9,40,1,1
"776",1,2,2,2,3,3,3,2,1982,35,2,7,12,40,1,1
"777",1,2,2,2,3,3,2,1,1944,73,1,4,8,40,1,1
"778",1,2,2,2,2,2,3,2,1978,39,2,9,16,40,1,1
"779",1,2,2,2,2,4,3,1,1979,38,2,7,12,40,1,1
"780",1,2,2,2,4,3,2,2,1985,32,2,5,9,40,1,1
"781",1,2,2,2,3,1,1,1,1989,28,2,8,15,40,1,2
"782",1,2,2,2,4,2,2,2,1966,51,2,3,6,40,1,1
"783",1,2,1,1,2,1,3,1,1992,25,2,7,12,40,1,1
"784",1,2,2,2,4,1,2,2,1987,30,2,3,6,40,1,3
"785",1,2,2,2,4,3,3,1,1951,66,2,3,6,40,1,2
"786",1,2,2,2,4,2,3,2,1964,53,2,2,2,40,1,2
"787",1,2,2,2,3,3,3,1,1996,21,1,5,9,40,1,2
"788",1,2,2,2,4,3,3,2,1997,20,1,7,12,40,1,2
"789",1,2,1,1,3,2,3,1,1955,62,2,3,6,40,1,2
"790",1,2,2,2,3,2,3,2,1966,51,2,2,4,40,1,2
"791",1,2,2,2,3,2,2,1,-1,-1,2,1,-1,40,1,2
"792",1,2,2,2,9,2,3,2,1959,58,2,2,3,40,1,2
"793",1,2,2,1,2,1,3,1,1975,42,2,7,12,40,1,1
"794",1,2,2,2,1,1,2,2,1957,60,2,3,6,40,1,2
"795",1,2,2,2,3,1,3,1,1980,37,2,5,9,40,1,2
"796",1,2,2,2,8,2,3,2,1969,48,2,1,-1,40,1,2
"797",1,2,2,2,2,2,4,1,1973,44,2,3,6,40,1,2
"798",1,2,2,2,3,2,3,2,1987,30,2,7,12,40,1,2
"799",1,2,2,2,2,1,3,1,1992,25,2,5,9,40,7,1
"800",1,1,2,2,3,1,2,2,1984,33,2,3,6,40,1,2
"801",1,2,2,2,2,2,2,1,1950,67,2,3,6,40,1,2
"802",2,2,2,2,2,2,3,2,1998,19,1,5,11,40,1,2
"803",1,2,2,2,2,2,3,1,1991,26,1,7,12,40,1,2
"804",1,2,2,2,4,2,2,2,1972,45,2,2,4,40,1,2
"805",1,2,2,2,3,2,2,1,1949,68,2,4,8,40,1,2
"806",1,2,2,2,4,2,2,2,1956,61,4,5,9,40,1,1
"807",1,2,2,2,3,2,2,1,1965,52,9,3,6,40,1,2
"808",2,2,2,2,2,2,3,2,1997,20,1,5,9,40,1,2
"809",1,2,2,2,4,2,3,1,1956,61,9,2,4,40,1,2
"810",1,2,2,2,4,2,8,2,1942,75,2,1,-1,40,1,2
"811",2,2,2,2,3,2,3,1,1998,19,1,6,12,40,2,2
"812",1,2,2,2,4,7,2,2,1950,67,4,1,-1,40,1,2
"813",1,2,2,2,2,2,3,1,1977,40,2,9,17,40,1,2
"814",1,2,2,2,3,2,3,2,1968,49,2,7,12,40,1,1
"815",1,2,2,2,3,2,3,1,1963,54,2,7,12,40,1,1
"816",1,2,2,2,4,2,3,2,1985,32,2,7,12,40,1,1
"817",1,2,2,2,3,2,2,1,1990,27,2,9,17,40,1,1
"818",1,2,2,1,2,3,3,2,1951,66,2,7,12,40,1,1
"819",1,2,2,2,3,2,2,1,1968,49,2,7,12,40,1,2
"820",1,2,2,2,2,2,3,2,1952,65,2,7,12,20,2,1
"821",1,2,1,1,2,1,3,1,1965,52,2,5,9,40,1,2
"822",1,2,2,2,8,2,2,2,1951,66,4,2,6,40,1,2
"823",1,2,2,2,2,1,2,1,1995,22,1,7,12,40,1,1
"824",1,2,2,8,8,2,2,2,1958,59,4,1,-1,40,1,2
"825",1,2,2,2,2,1,3,1,1974,43,2,5,9,40,1,2
"826",1,2,2,2,8,3,3,2,1961,56,1,1,-1,40,1,2
"827",1,2,2,2,2,2,8,1,1963,54,2,1,-1,40,1,2
"828",1,2,2,2,2,1,2,2,1983,34,2,5,9,40,1,2
"829",1,1,1,1,3,1,3,1,1996,21,2,7,12,40,1,2
"830",1,2,2,2,2,2,3,2,1966,51,2,5,9,40,1,2
"831",1,2,2,2,4,2,2,1,1950,67,2,2,1,40,1,2
"832",1,1,1,2,2,2,4,2,1991,26,2,3,6,40,1,2
"833",1,2,2,2,4,1,3,1,1987,30,2,7,12,40,1,2
"834",1,2,2,2,4,1,3,2,1988,29,2,5,9,40,1,2
"835",1,2,2,2,2,1,2,1,1980,37,2,3,6,40,1,2
"836",1,2,2,2,4,2,3,2,1990,27,2,3,6,40,1,2
"837",1,2,2,2,4,2,2,1,1972,45,2,3,6,40,1,2
"838",1,2,2,2,4,2,3,2,1987,30,2,3,6,40,1,2
"839",1,2,2,2,2,2,2,1,1971,46,2,5,9,40,1,2
"840",1,2,2,2,4,2,3,2,1984,33,4,5,9,40,1,2
"841",1,2,2,2,2,2,2,1,1975,42,2,5,10,40,1,1
"842",1,2,2,2,3,2,2,2,1982,35,2,5,10,40,1,1
"843",1,2,2,2,3,2,2,1,1972,45,2,5,9,40,1,1
"844",1,1,2,2,4,2,2,2,1972,45,2,3,6,40,1,1
"845",1,2,2,2,2,1,2,1,1965,52,2,3,6,40,1,1
"846",1,2,2,2,3,2,2,2,1985,32,2,7,12,40,1,1
"847",1,2,2,2,2,1,2,1,1969,48,2,9,18,40,1,2
"848",2,2,2,2,3,1,3,2,1989,28,1,9,17,40,1,1
"849",1,2,2,2,3,2,3,1,1990,27,1,9,17,40,1,3
"850",1,2,2,2,4,2,2,2,1974,43,2,7,12,40,1,1
"851",1,2,1,2,3,1,2,1,1964,53,2,7,12,40,1,2
"852",1,2,2,2,3,2,2,2,1995,22,1,8,13,40,1,2
"853",1,2,1,1,2,8,3,1,1965,52,2,7,12,40,1,2
"854",1,2,2,1,2,2,3,2,1945,72,2,7,12,40,1,2
"855",1,2,1,1,3,2,3,1,1970,47,2,9,16,40,1,2
"856",1,1,2,2,2,1,3,2,1971,46,2,3,6,40,1,2
"857",1,2,2,2,3,1,3,1,1945,72,4,3,6,40,1,2
"858",1,2,2,2,3,2,3,2,1987,30,2,5,9,40,2,3
"859",1,2,2,2,2,2,3,1,1945,72,2,3,6,40,1,2
"860",1,2,2,2,2,1,3,2,1952,65,2,7,12,40,1,2
"861",1,2,2,2,2,3,2,1,1960,57,2,2,3,40,1,2
"862",1,2,2,2,2,3,3,2,1988,29,2,7,12,40,1,2
"863",1,1,1,1,2,2,2,1,1971,46,2,3,6,40,1,2
"864",1,2,2,2,3,2,3,2,1970,47,2,7,12,40,1,2
"865",1,2,2,2,4,2,3,1,1983,34,2,5,11,40,3,3
"866",2,2,2,2,2,2,3,2,1998,19,1,5,9,40,3,3
"867",1,2,2,1,3,2,3,1,1976,41,5,6,10,40,4,3
"868",1,2,2,2,2,2,3,2,1973,44,2,7,13,40,1,2
"869",1,1,2,2,2,2,3,1,1969,48,2,6,11,40,1,2
"870",1,2,2,2,2,7,2,2,1955,62,4,1,-1,40,1,2
"871",1,2,2,2,2,1,2,1,1996,21,1,6,9,40,1,2
"872",1,2,1,1,3,2,2,2,1973,44,2,3,6,40,1,1
"873",1,2,2,2,2,2,3,1,1964,53,2,5,9,40,1,2
"874",1,2,2,2,3,2,2,2,1980,37,2,5,9,40,1,2
"875",1,1,1,1,3,2,3,1,1964,53,2,5,9,40,1,2
"876",1,2,2,2,3,2,2,2,1992,25,2,5,9,40,1,2
"877",1,2,2,2,4,2,2,1,1942,75,4,2,5,40,6,2
"878",1,2,1,2,3,2,2,2,1959,58,2,2,3,40,1,2
"879",1,2,1,1,1,1,2,1,1981,36,2,7,12,40,1,1
"880",2,2,2,2,4,2,2,2,1979,38,2,3,6,40,3,2
"881",1,2,2,2,2,2,4,1,1954,63,2,5,9,40,1,1
"882",1,2,2,2,2,2,3,2,1971,46,2,9,14,40,1,1
"883",1,2,2,2,2,2,3,1,1960,57,2,3,6,40,1,2
"884",1,2,2,2,3,2,3,2,1968,49,2,3,6,40,1,2
"885",1,2,1,2,2,2,3,1,1963,54,5,5,9,40,1,2
"886",1,2,2,2,1,2,3,2,1980,37,2,9,14,40,1,1
"887",1,2,2,2,2,2,3,1,1959,58,5,3,6,40,1,2
"888",1,2,2,2,2,2,3,2,1985,32,2,7,12,40,1,2
"889",1,2,2,2,2,1,8,1,1951,66,2,2,5,40,1,2
"890",1,2,2,2,2,2,3,2,1986,31,2,3,6,40,1,1
"891",1,2,2,2,4,8,3,1,1966,51,2,2,1,40,1,2
"892",1,2,2,2,4,3,3,2,1988,29,2,5,9,40,1,2
"893",1,1,2,2,4,3,3,1,1942,75,2,2,5,40,1,2
"894",1,1,2,2,8,3,3,2,1940,77,4,1,-1,40,1,2
"895",1,1,2,2,3,3,3,1,1954,63,2,2,2,40,1,2
"896",1,1,2,2,4,3,2,2,1960,57,2,2,5,40,1,2
"897",1,2,2,2,4,2,3,1,1969,48,2,3,6,40,1,2
"898",2,2,2,2,3,4,3,2,1994,23,1,7,12,40,1,2
"899",1,2,2,2,4,3,3,1,1948,69,2,2,5,40,1,2
"900",1,1,2,2,4,3,2,2,1977,40,2,5,9,40,1,2
"901",1,2,2,2,2,1,3,1,1958,59,2,9,15,40,1,1
"902",1,1,1,1,4,1,3,2,1988,29,2,7,12,40,1,3
"903",1,1,1,1,3,2,3,1,1985,32,2,7,12,40,1,2
"904",1,1,2,1,4,8,2,2,1963,54,2,2,5,40,1,1
"905",1,1,1,1,3,2,4,1,1994,23,1,7,12,40,1,2
"906",1,1,1,1,3,2,3,2,1966,51,2,2,3,40,1,2
"907",1,2,2,2,2,1,3,1,1975,42,2,4,7,40,2,2
"908",1,2,2,2,4,2,3,2,1990,27,2,6,11,40,1,2
"909",1,2,2,2,2,1,3,1,1986,31,2,4,9,40,1,2
"910",1,2,2,2,2,1,3,2,1992,25,2,7,12,40,7,2
"911",2,1,2,2,4,2,2,1,1959,58,2,2,1,40,6,3
"912",1,2,2,2,2,2,3,2,1977,40,2,3,6,40,1,3
"913",1,2,2,2,2,3,2,1,1958,59,2,9,15,40,1,1
"914",1,2,2,2,3,1,4,2,1980,37,2,5,9,40,1,1
"915",1,2,2,2,2,2,3,1,1977,40,2,3,6,40,1,1
"916",2,0,0,0,4,2,3,2,1998,19,2,4,8,40,1,1
"917",1,2,2,2,2,2,3,1,1970,47,2,9,17,40,1,1
"918",1,8,2,2,4,2,2,2,1969,48,2,3,6,40,1,1
"919",1,1,2,2,3,2,3,1,1965,52,2,2,5,40,1,2
"920",1,2,2,2,3,2,3,2,1985,32,2,7,12,40,1,2
"921",1,2,2,2,2,1,2,1,1978,39,2,5,9,40,3,3
"922",1,2,2,2,4,2,2,2,1971,46,2,3,6,40,3,3
"923",1,2,2,2,3,2,2,1,1969,48,2,3,6,40,1,3
"924",1,2,2,2,4,2,3,2,1964,53,2,3,6,40,2,2
"925",1,2,2,2,2,3,3,1,1975,42,2,7,12,40,1,2
"926",2,2,2,2,3,4,3,2,1994,23,2,7,12,40,1,2
"927",1,2,2,2,4,2,2,1,1970,47,2,2,2,40,3,3
"928",1,2,2,2,2,1,3,2,1971,46,2,3,6,40,2,2
"929",1,2,2,2,2,3,3,1,1964,53,2,3,6,40,1,1
"930",1,2,2,2,3,3,2,2,1988,29,2,3,6,40,3,2
"931",1,2,2,2,1,1,2,1,1975,42,2,3,6,40,1,1
"932",9,9,9,9,9,9,9,2,-1,-1,9,99,-1,99,99,9
"933",1,2,2,2,3,2,2,1,1966,51,2,5,9,40,1,1
"934",1,2,2,2,4,2,3,2,1978,39,2,3,6,40,1,2
"935",1,2,2,2,2,2,8,1,-1,-1,2,2,2,40,1,1
"936",1,1,2,2,3,1,2,2,1972,45,2,3,6,40,1,2
"937",1,1,2,1,2,2,3,1,1959,58,2,2,2,40,1,1
"938",1,1,2,2,4,2,2,2,1974,43,2,2,3,40,1,1
"939",1,2,2,1,3,2,1,1,1958,59,2,9,16,40,1,1
"940",1,2,2,2,8,2,9,2,1949,68,4,2,1,40,1,1
"941",1,2,2,2,4,2,3,1,1962,55,2,9,16,40,1,2
"942",1,2,2,2,3,2,2,2,1992,25,2,7,12,40,1,2
"943",1,2,2,2,2,2,2,1,1949,68,2,7,12,40,1,1
"944",1,2,2,2,4,2,2,2,1964,53,2,1,-1,40,1,1
"945",1,2,2,2,3,2,2,1,1964,53,2,3,6,40,1,2
"946",1,2,2,2,8,2,8,2,1962,55,4,2,2,40,1,1
"947",1,2,2,2,4,2,2,1,1969,48,4,7,12,40,1,2
"948",1,2,2,2,4,3,2,2,1976,41,2,2,2,40,1,1
"949",1,2,2,2,1,2,2,1,1979,38,2,7,12,40,1,2
"950",1,2,2,2,2,2,2,2,1979,38,2,3,6,40,1,2
"951",1,2,2,2,2,2,3,1,1983,34,2,7,13,40,3,2
"952",1,2,2,2,3,2,2,2,1939,78,2,2,3,40,2,2
"953",1,2,2,9,2,2,2,1,1989,28,1,7,12,40,3,3
"954",1,2,2,2,4,2,2,2,1957,60,2,2,4,40,1,2
"955",1,2,2,2,3,2,2,1,1938,79,2,2,3,40,4,2
"956",1,2,2,2,4,2,3,2,1969,48,2,5,9,40,1,2
"957",1,2,2,2,2,2,2,1,1967,50,2,7,12,40,1,2
"958",1,2,2,2,3,2,2,2,1982,35,2,9,15,40,4,2
"959",1,1,2,2,2,2,2,1,1949,68,2,2,3,40,4,2
"960",1,2,2,2,3,2,2,2,1970,47,2,3,6,40,1,2
"961",1,2,2,2,3,1,3,1,1956,61,2,9,16,40,1,2
"962",2,2,2,2,3,1,4,2,1968,49,2,10,18,40,1,1
"963",1,1,1,2,2,3,3,1,1962,55,1,9,18,40,1,3
"964",1,1,2,2,2,1,3,2,1976,41,2,7,12,40,1,1
"965",1,2,2,2,2,1,2,1,1984,33,2,5,9,40,2,3
"966",1,2,2,2,2,2,3,2,1973,44,2,7,12,40,2,3
"967",1,2,2,2,2,3,3,1,1978,39,2,7,12,40,2,3
"968",1,2,2,2,3,3,2,2,1952,65,2,7,12,20,4,1
"969",1,2,2,2,3,2,2,1,1984,33,2,7,12,40,2,3
"970",1,2,2,2,3,2,3,2,1981,36,2,5,9,40,1,2
"971",1,1,2,2,4,2,3,1,1955,62,2,7,12,50,99,1
"972",1,2,2,8,4,2,3,2,1955,62,2,8,14,40,1,2
"973",1,1,2,2,4,2,2,1,1957,60,2,2,4,40,1,2
"974",1,1,2,2,4,2,3,2,1936,81,1,2,-1,40,1,2
"975",1,2,2,2,2,2,3,1,1959,58,2,7,12,40,1,2
"976",1,2,2,8,4,2,3,2,1957,60,2,2,2,40,1,2
"977",2,2,2,1,3,2,4,1,1980,37,2,7,12,40,1,2
"978",1,2,2,2,2,7,3,2,1972,45,2,7,12,40,3,2
"979",2,2,2,2,4,2,3,1,1947,70,2,7,12,80,3,2
"980",1,2,2,2,2,2,3,2,1988,29,2,9,16,40,1,2
"981",1,2,2,2,3,3,3,1,1996,21,1,5,9,40,5,1
"982",1,2,2,2,2,1,3,2,1967,50,2,3,6,40,1,1
"983",1,2,2,2,2,2,2,1,1962,55,2,2,4,40,3,2
"984",1,2,2,2,3,1,3,2,1984,33,2,4,7,40,1,1
"985",1,2,2,2,2,3,2,1,1977,40,2,5,9,40,1,1
"986",1,2,2,2,4,2,2,2,1993,24,1,7,12,40,1,2
"987",1,2,1,2,2,1,8,1,1956,61,2,2,2,40,1,1
"988",1,2,2,2,2,3,2,2,1969,48,2,1,-1,40,1,3
"989",1,1,2,1,4,2,2,1,1960,57,2,7,12,40,3,3
"990",1,2,2,2,4,1,4,2,1981,36,2,3,6,40,1,3
"991",8,2,2,2,3,3,4,1,1967,50,2,9,15,40,99,2
"992",1,2,2,2,4,2,3,2,1967,50,2,2,2,40,1,2
"993",1,2,2,2,2,2,3,1,1962,55,2,8,14,40,1,2
"994",1,2,2,2,2,2,3,2,1970,47,2,7,12,40,1,2
"995",1,2,2,2,3,3,3,1,1974,43,2,7,12,80,1,2
"996",1,2,2,2,3,2,3,2,1969,48,2,9,15,40,1,2
"997",1,2,2,2,2,2,2,1,1980,37,2,7,12,40,1,2
"998",1,2,2,2,4,1,3,2,1992,25,2,3,6,40,1,2
"999",1,2,2,2,4,2,3,1,1953,64,1,7,12,40,1,2
"1000",1,2,2,2,4,2,3,2,1958,59,2,6,11,40,1,2
"1001",1,2,2,2,4,2,3,1,1964,53,2,9,16,40,1,1
"1002",1,2,2,2,3,1,3,2,1970,47,2,7,9,40,1,3
"1003",1,2,1,2,2,2,3,1,1955,62,2,7,-1,40,1,1
"1004",1,2,2,2,2,1,2,2,1963,54,2,3,6,40,1,1
"1005",1,2,2,2,4,1,2,1,1966,51,2,7,9,40,3,2
"1006",2,2,2,2,4,1,4,2,1974,43,2,9,17,40,1,1
"1007",1,2,2,2,4,2,2,1,1953,64,2,5,9,40,1,1
"1008",1,2,2,2,3,1,2,2,1958,59,2,3,6,40,1,1
"1009",1,2,2,2,2,1,1,1,1965,52,2,7,12,40,3,2
"1010",1,2,2,2,4,2,2,2,1958,59,1,2,2,40,1,1
"1011",1,2,0,2,3,2,3,1,1983,34,2,5,9,40,1,2
"1012",2,2,2,2,4,1,2,2,1956,61,2,2,4,40,1,1
"1013",1,2,2,2,4,8,2,1,1996,21,1,7,14,40,1,2
"1014",1,2,2,2,3,1,4,2,1967,50,2,2,4,40,1,1
"1015",1,2,2,2,3,1,2,1,1980,37,2,2,5,40,1,2
"1016",2,2,2,2,3,2,2,2,1999,18,2,5,9,40,1,3
"1017",2,2,2,2,4,8,2,1,1999,18,1,6,14,40,1,1
"1018",1,2,2,2,3,1,1,2,1954,63,3,2,4,40,1,2
"1019",1,2,2,2,3,1,2,1,1965,52,2,2,5,40,1,1
"1020",1,2,2,2,3,1,3,2,1976,41,2,3,6,40,1,2
"1021",1,1,2,2,2,2,2,1,1979,38,1,3,6,40,1,2
"1022",1,2,2,2,4,1,8,2,1978,39,2,3,-1,40,1,1
"1023",1,2,2,2,4,3,2,1,1972,45,2,3,6,40,1,3
"1024",1,2,2,2,4,3,3,2,1949,68,2,1,-1,40,1,2
"1025",1,2,2,2,3,2,2,1,1982,35,2,2,5,40,1,1
"1026",1,2,2,2,3,2,3,2,1977,40,2,2,6,40,1,1
"1027",1,2,2,2,4,1,3,1,1972,45,2,2,5,40,1,2
"1028",2,2,2,2,4,2,8,2,1989,28,2,3,6,40,1,1
"1029",1,2,2,2,4,2,3,1,1972,45,2,3,6,40,1,1
"1030",1,2,2,2,4,1,3,2,1981,36,2,2,4,40,1,2
"1031",2,2,8,2,8,7,8,1,1959,58,2,2,2,40,7,3
"1032",1,2,2,2,2,1,2,2,1965,52,2,2,2,40,1,2
"1033",1,2,2,2,2,2,3,1,1948,69,2,2,5,40,1,2
"1034",1,2,2,2,2,2,2,2,1974,43,2,5,9,40,1,2
"1035",1,2,2,2,4,2,7,1,1950,67,2,1,-1,40,1,2
"1036",1,8,8,2,2,1,2,2,1987,30,2,7,12,40,1,2
"1037",1,2,2,2,2,2,3,1,1978,39,2,9,13,40,1,2
"1038",1,2,2,2,4,1,2,2,1967,50,2,3,6,40,1,1
"1039",1,2,2,2,2,2,3,1,1965,52,2,7,12,40,1,1
"1040",1,2,2,2,4,2,2,2,1979,38,2,4,7,40,1,2
"1041",2,2,2,2,4,2,2,1,1991,26,2,2,3,40,1,2
"1042",1,2,2,2,2,2,2,2,1950,67,2,3,6,40,1,2
"1043",1,2,1,1,2,3,3,1,1978,39,2,3,6,40,1,2
"1044",1,2,2,2,4,2,3,2,1971,46,2,2,3,40,1,2
"1045",1,2,1,2,2,3,2,1,1980,37,2,7,12,40,1,2
"1046",1,2,2,2,4,2,3,2,1985,32,2,7,12,40,1,2
"1047",1,2,2,2,2,7,2,1,1971,46,2,3,6,40,1,2
"1048",1,2,2,2,4,2,7,2,1974,43,2,1,-1,40,1,2
"1049",1,2,2,2,4,3,3,1,1931,86,2,2,5,40,1,1
"1050",1,1,2,2,3,2,2,2,1954,63,2,2,3,40,1,2
"1051",1,2,2,2,2,1,2,1,1980,37,2,9,18,40,1,1
"1052",1,2,2,2,4,2,2,2,1979,38,2,7,12,40,1,2
"1053",1,1,2,2,4,2,2,1,1987,30,2,2,5,40,1,2
"1054",1,2,2,2,3,2,2,2,1983,34,2,2,4,40,1,1
"1055",1,1,1,1,2,1,2,1,1973,44,2,1,-1,40,1,1
"1056",1,2,2,2,4,2,2,2,1982,35,2,2,5,40,3,1
"1057",1,2,1,2,2,1,2,1,1993,24,2,5,6,40,1,1
"1058",1,2,2,2,3,3,2,2,1975,42,2,5,9,40,1,1
"1059",1,2,2,2,2,2,2,1,1954,63,2,2,3,40,1,1
"1060",1,2,2,2,4,3,2,2,1970,47,2,1,-1,40,1,2
"1061",1,2,2,2,4,1,3,1,1950,67,2,2,3,40,1,1
"1062",1,2,1,1,4,1,1,2,1978,39,2,5,9,40,1,2
"1063",1,2,1,2,2,1,2,1,1976,41,2,7,12,40,1,2
"1064",1,2,2,2,3,1,3,2,1987,30,2,5,9,40,1,2
"1065",1,2,2,2,3,2,1,1,1976,41,2,3,6,40,1,2
"1066",1,2,2,2,3,3,2,2,1983,34,2,3,6,40,1,2
"1067",1,2,2,2,3,1,2,1,1974,43,2,2,3,40,1,1
"1068",1,2,1,2,4,1,3,2,1961,56,2,1,-1,40,1,1
"1069",1,1,2,2,2,1,3,1,1987,30,2,2,1,40,1,2
"1070",1,1,2,2,3,1,1,2,1970,47,2,1,-1,40,1,1
"1071",1,2,2,2,4,3,3,1,1988,29,1,9,15,40,1,1
"1072",1,2,2,2,3,3,3,2,1963,54,4,5,9,40,1,1
"1073",1,2,2,2,4,2,8,1,1971,46,2,2,3,40,6,2
"1074",1,2,2,2,4,3,4,2,1982,35,2,5,9,40,1,1
"1075",1,2,2,2,4,3,3,1,1970,47,2,3,6,40,1,2
"1076",1,2,2,2,4,3,8,2,1982,35,2,3,6,40,1,1
"1077",1,2,2,2,4,2,3,1,1951,66,2,3,6,40,1,1
"1078",1,2,2,2,4,2,3,2,1970,47,2,3,6,40,1,1
"1079",1,2,2,2,4,3,3,1,1945,72,4,5,9,40,1,1
"1080",1,2,2,2,4,2,3,2,1982,35,2,7,12,40,1,1
"1081",1,2,2,2,4,1,2,1,1961,56,2,2,4,40,1,1
"1082",1,2,2,2,4,1,3,2,1969,48,2,3,6,40,1,1
"1083",1,2,2,2,4,1,2,1,1970,47,2,3,6,40,1,1
"1084",1,2,2,2,4,4,2,2,1971,46,2,3,6,40,1,1
"1085",1,2,2,2,4,3,3,1,1977,40,2,5,9,40,1,1
"1086",1,2,2,2,4,1,3,2,1964,53,2,3,6,40,1,1
"1087",1,2,2,2,4,1,2,1,1956,61,2,2,2,40,1,1
"1088",8,2,2,2,4,1,2,2,1970,47,2,3,6,40,1,1
"1089",1,2,2,2,3,2,2,1,1966,51,2,3,6,40,1,1
"1090",2,2,1,2,2,1,2,2,1999,18,1,5,9,40,1,1
"1091",1,1,1,1,1,2,3,1,1959,58,2,3,6,40,1,1
"1092",1,2,2,2,4,3,3,2,1983,34,2,2,6,40,1,1
"1093",1,8,2,2,3,2,3,1,1966,51,2,3,6,40,1,1
"1094",1,2,2,1,2,2,3,2,1957,60,2,2,2,80,3,2
"1095",1,2,2,2,2,7,3,1,1942,75,2,1,-1,40,1,1
"1096",1,9,2,2,4,3,2,2,1980,37,2,3,6,40,1,1
"1097",1,8,1,2,8,2,2,1,1975,42,2,2,1,40,99,2
"1098",1,2,2,2,2,3,3,2,1953,64,4,2,6,40,1,2
"1099",1,1,1,1,1,1,3,1,1966,51,2,2,4,40,1,1
"1100",1,2,2,2,8,8,2,2,1957,60,2,2,4,40,1,1
"1101",1,2,2,2,4,2,2,1,1974,43,2,7,12,40,1,2
"1102",1,2,2,2,2,2,3,2,1980,37,2,7,12,40,1,2
"1103",1,2,2,2,3,2,2,1,1997,20,1,5,9,40,1,2
"1104",1,2,2,2,4,1,3,2,1976,41,2,7,12,40,1,2
"1105",1,2,2,2,2,1,3,1,1950,67,2,7,15,40,1,2
"1106",1,2,2,2,4,2,2,2,1955,62,4,3,6,40,3,2
"1107",1,2,2,2,4,2,7,1,1930,87,2,2,-1,40,1,2
"1108",1,2,2,2,4,2,7,2,1952,65,2,3,6,40,1,1
"1109",1,2,2,2,2,8,2,1,1991,26,1,7,12,40,1,2
"1110",1,2,2,2,3,2,3,2,1969,48,2,5,9,40,1,9
"1111",1,2,2,2,3,2,3,1,1974,43,2,3,6,40,1,2
"1112",1,2,2,2,3,3,3,2,1974,43,2,5,9,40,1,2
"1113",1,2,2,2,3,2,3,1,1973,44,2,3,6,40,1,2
"1114",1,2,2,2,3,3,3,2,1987,30,2,5,9,40,1,2
"1115",1,2,2,2,4,2,2,1,1951,66,2,2,3,40,2,3
"1116",1,2,2,2,2,2,3,2,1976,41,2,3,6,40,1,3
"1117",1,2,2,2,2,2,3,1,1956,61,2,2,5,40,1,2
"1118",1,2,2,2,3,3,3,2,1969,48,2,3,6,40,1,2
"1119",1,2,2,2,3,2,3,1,1987,30,2,3,6,40,1,2
"1120",1,2,2,2,3,3,3,2,1975,42,2,3,6,40,1,2
"1121",1,1,2,2,2,2,2,1,1938,79,2,2,3,40,1,2
"1122",1,2,2,2,2,2,2,2,1949,68,2,3,6,40,1,2
"1123",1,2,2,2,4,2,3,1,1986,31,1,7,12,40,1,2
"1124",1,2,2,2,3,3,2,2,1953,64,2,3,6,40,1,2
"1125",1,9,2,2,3,3,3,1,1982,35,1,7,12,40,1,2
"1126",1,2,2,2,4,3,3,2,1994,23,1,6,12,40,1,2
"1127",1,2,2,2,4,3,3,1,1959,58,1,3,6,10,1,2
"1128",1,1,2,2,2,2,1,2,1966,51,2,7,12,40,1,2
"1129",1,1,2,1,3,3,2,1,1979,38,2,7,12,40,1,2
"1130",1,2,2,2,3,3,3,2,1963,54,2,3,6,40,1,2
"1131",1,2,1,2,4,1,8,1,1968,49,2,5,9,40,1,2
"1132",1,2,2,2,3,3,8,2,1982,35,2,5,9,40,1,2
"1133",1,2,2,0,2,1,3,1,1960,57,2,3,6,40,1,2
"1134",1,2,2,2,4,2,8,2,1962,55,2,2,4,40,1,2
"1135",1,2,2,2,2,2,8,1,1962,55,2,2,5,40,1,2
"1136",1,2,2,2,4,2,3,2,1985,32,2,5,9,40,1,3
"1137",1,2,2,2,4,1,8,1,1960,57,2,2,2,40,1,2
"1138",1,2,1,2,4,1,8,2,1971,46,2,3,6,40,1,2
"1139",1,2,2,2,4,2,8,1,1978,39,2,3,9,40,1,2
"1140",1,2,2,2,3,2,8,2,1966,51,2,3,6,40,1,2
"1141",1,2,2,2,3,1,3,1,1975,42,2,3,6,40,1,2
"1142",1,2,2,2,4,1,2,2,1966,51,2,3,6,40,1,2
"1143",1,2,2,2,3,1,3,1,1973,44,2,3,-1,40,1,2
"1144",1,2,2,2,3,1,2,2,1969,48,2,7,12,40,1,1
"1145",1,2,2,2,3,1,2,1,1954,63,2,3,6,40,1,1
"1146",1,2,2,2,4,1,2,2,1959,58,2,2,3,40,1,1
"1147",1,2,2,2,2,1,3,1,1973,44,2,9,16,40,1,1
"1148",1,2,2,2,4,1,2,2,1978,39,2,5,9,40,1,2
"1149",1,2,2,2,2,1,3,1,1971,46,2,7,9,40,1,1
"1150",1,2,2,2,3,1,3,2,1957,60,4,5,9,40,99,1
"1151",1,2,2,2,2,2,2,1,1971,46,2,2,4,40,1,2
"1152",1,2,2,2,4,2,2,2,1953,64,2,3,6,40,1,1
"1153",1,2,2,2,3,3,3,1,1980,37,1,7,12,40,1,2
"1154",1,2,2,2,4,2,2,2,1977,40,2,3,6,40,1,1
"1155",1,2,2,2,2,2,2,1,1955,62,2,3,6,40,1,1
"1156",1,2,2,2,4,2,2,2,1986,31,2,5,9,40,1,1
"1157",1,2,2,2,2,2,2,1,1959,58,2,5,9,40,1,2
"1158",1,2,2,2,3,9,2,2,1987,30,2,5,9,40,1,2
"1159",1,2,2,2,3,2,3,1,1971,46,2,7,12,40,1,1
"1160",1,2,2,2,4,2,7,2,1969,48,4,1,-1,40,1,1
"1161",1,1,1,1,2,2,3,1,1963,54,2,1,-1,40,1,2
"1162",1,8,8,2,8,2,3,2,1964,53,2,2,2,40,1,1
"1163",1,2,2,2,3,2,2,1,1928,89,2,3,6,40,1,2
"1164",1,2,2,2,2,2,3,2,1976,41,1,5,9,40,1,1
"1165",1,2,2,2,2,1,3,1,1968,49,2,5,9,40,1,1
"1166",1,2,2,2,2,2,2,2,1976,41,2,3,6,40,1,2
"1167",1,2,2,2,4,1,3,1,1958,59,2,2,4,40,1,2
"1168",1,2,2,2,4,2,7,2,1955,62,2,3,6,40,1,2
"1169",1,2,2,2,3,2,2,1,1974,43,2,3,6,40,1,2
"1170",8,0,2,2,4,2,3,2,1975,42,2,3,6,40,1,2
"1171",1,2,2,2,2,2,3,1,1948,69,4,5,6,40,1,1
"1172",1,2,2,2,2,2,1,2,1980,37,2,3,6,40,1,2
"1173",1,2,2,2,2,1,3,1,1980,37,2,7,12,40,1,2
"1174",1,8,2,2,2,3,3,2,1962,55,2,3,6,40,1,1
"1175",1,2,2,2,4,2,2,1,1979,38,1,5,9,40,1,2
"1176",1,2,2,2,4,2,2,2,1978,39,2,5,9,40,1,2
"1177",1,2,2,2,3,2,3,1,1969,48,2,7,12,40,1,2
"1178",1,2,2,2,3,2,2,2,1982,35,2,7,12,40,1,2
"1179",2,2,2,2,2,2,1,1,1955,62,2,2,6,40,1,1
"1180",1,2,2,2,4,2,2,2,1959,58,4,1,-1,40,1,1
"1181",1,2,1,2,3,3,8,1,1951,66,2,2,4,40,1,1
"1182",1,2,1,2,3,2,2,2,1991,26,2,7,12,40,1,1
"1183",1,2,2,2,2,3,2,1,1955,62,2,3,6,40,1,1
"1184",1,2,2,2,3,2,3,2,1969,48,2,9,18,40,1,1
"1185",1,1,1,1,2,4,3,1,1950,67,2,3,7,40,1,1
"1186",1,1,1,2,3,4,3,2,1977,40,1,7,12,40,1,1
"1187",1,2,1,1,3,2,2,1,1979,38,2,3,6,40,1,2
"1188",1,2,1,2,3,3,3,2,1993,24,2,7,12,40,1,2
"1189",2,2,2,2,4,2,3,1,1973,44,2,7,12,40,1,2
"1190",1,2,2,2,2,1,4,2,1981,36,2,9,16,40,1,1
"1191",1,2,2,2,3,7,2,1,1978,39,2,3,6,40,1,2
"1192",1,2,2,2,3,7,2,2,1985,32,2,3,6,40,1,2
"1193",1,2,2,2,3,9,2,1,1955,62,2,2,2,40,1,2
"1194",1,2,2,2,4,9,8,2,1971,46,4,1,-1,40,1,2
"1195",1,2,2,2,3,9,9,1,1960,57,2,1,-1,40,1,2
"1196",1,2,2,2,4,2,9,2,1951,66,2,1,-1,40,1,2
"1197",1,2,2,2,3,9,2,1,1966,51,2,2,3,40,1,2
"1198",1,2,2,2,8,9,9,2,1961,56,4,1,-1,40,1,1
"1199",8,2,2,2,3,2,2,1,1965,52,2,1,-1,40,1,2
"1200",1,2,2,2,2,9,2,2,1982,35,2,3,6,40,1,1
"1201",1,1,2,2,4,2,2,1,1983,34,1,6,12,40,1,2
"1202",1,2,2,2,4,2,2,2,1977,40,2,1,-1,40,1,1
"1203",1,2,2,2,4,1,2,1,1994,23,1,7,-1,40,1,1
"1204",1,2,2,2,4,2,2,2,1973,44,2,1,-1,40,1,2
"1205",1,2,2,2,4,2,3,1,1963,54,2,1,-1,40,1,1
"1206",1,2,2,2,4,2,2,2,1968,49,9,1,-1,40,1,1
"1207",1,2,2,2,4,1,2,1,1985,32,1,6,12,40,1,2
"1208",1,2,2,2,4,2,2,2,1958,59,1,1,-1,40,1,2
"1209",1,2,2,2,2,4,3,1,1969,48,2,7,12,40,1,1
"1210",1,2,2,2,3,2,2,2,1973,44,2,3,6,40,1,1
"1211",1,2,2,2,3,2,3,1,1970,47,2,7,12,50,1,2
"1212",1,2,2,2,4,2,2,2,1982,35,2,7,-1,50,2,2
"1213",1,2,2,2,4,2,2,1,1966,51,2,9,12,50,1,1
"1214",1,2,2,2,4,2,2,2,1972,45,2,7,-1,50,1,2
"1215",1,2,2,2,4,2,3,1,1971,46,2,7,12,50,1,1
"1216",1,2,2,2,4,2,3,2,1990,27,2,7,-1,99,2,2
"1217",1,2,2,2,1,2,3,1,1973,44,2,7,-1,50,2,2
"1218",1,9,9,9,3,2,3,2,1957,60,2,7,12,50,1,2
"1219",1,2,2,2,4,2,2,1,1965,52,2,7,12,40,1,1
"1220",1,2,2,2,4,2,3,2,1961,56,2,7,-1,40,1,2
"1221",1,2,2,2,3,4,3,1,1990,27,1,5,-1,50,2,2
"1222",1,2,2,2,4,2,3,2,1995,22,1,7,12,50,2,1
"1223",1,2,2,2,2,2,3,1,1969,48,2,7,-1,50,2,1
"1224",1,2,2,2,4,2,8,2,1988,29,2,5,-1,50,1,2
"1225",1,2,2,2,3,2,8,1,1996,21,1,6,-1,50,1,2
"1226",1,2,2,2,4,2,3,2,1976,41,2,3,-1,50,2,2
"1227",1,2,2,2,2,2,3,1,1990,27,2,9,-1,50,2,2
"1228",1,2,2,2,4,2,3,2,1980,37,2,5,-1,50,2,2
"1229",1,2,2,2,2,2,3,1,1980,37,2,4,-1,50,2,2
"1230",1,2,2,2,4,2,3,2,1980,37,2,5,-1,50,2,2
"1231",2,2,2,2,4,8,8,1,1994,23,1,1,-1,50,2,2
"1232",1,2,2,2,3,3,3,2,1968,49,2,7,12,50,1,2
"1233",1,2,1,2,2,8,3,1,1967,50,2,10,19,50,1,2
"1234",1,2,2,2,3,8,3,2,1975,42,2,3,6,50,2,1
"1235",1,2,2,2,3,2,3,1,1981,36,2,7,12,50,2,2
"1236",1,2,2,2,2,3,3,2,1960,57,2,9,16,50,1,1
"1237",1,2,2,2,3,3,3,1,1971,46,2,7,12,50,2,2
"1238",1,2,1,2,3,2,3,2,1968,49,2,3,6,50,2,1
"1239",1,9,2,2,3,3,3,1,1991,26,1,9,17,50,1,2
"1240",1,2,2,2,3,3,3,2,1984,33,2,7,12,50,2,2
"1241",1,1,2,2,2,2,2,1,1992,25,1,7,15,40,1,2
"1242",1,2,2,2,3,8,8,2,1990,27,2,5,12,40,1,2
"1243",1,2,2,2,3,2,2,1,1981,36,2,5,9,40,1,1
"1244",1,2,2,2,4,8,2,2,1971,46,2,2,4,40,1,2
"1245",1,1,2,2,3,2,2,1,1985,32,2,9,13,40,1,2
"1246",1,2,2,2,4,8,8,2,1981,36,2,5,9,40,1,2
"1247",1,2,2,2,4,8,2,1,1976,41,2,1,-1,40,1,9
"1248",1,2,2,2,3,2,8,2,1988,29,2,7,12,40,1,2
"1249",1,2,2,2,4,8,8,1,-1,-1,2,2,4,40,1,2
"1250",1,2,2,2,3,2,8,2,1976,41,2,2,3,40,1,1
"1251",1,2,2,2,2,2,2,1,1986,31,2,7,12,40,1,2
"1252",1,2,2,2,4,3,3,2,1991,26,2,7,12,40,1,2
"1253",1,9,9,9,9,2,2,1,1973,44,2,3,6,40,1,2
"1254",1,2,2,2,3,2,2,2,1989,28,2,4,8,40,1,2
"1255",1,2,2,2,3,1,2,1,1969,48,2,2,5,40,1,2
"1256",1,2,2,2,4,2,2,2,1930,87,2,3,6,40,1,2
"1257",1,2,2,2,3,1,2,1,1960,57,2,3,6,40,1,2
"1258",1,2,2,2,3,3,3,2,1988,29,2,5,9,40,1,2
"1259",2,9,9,9,4,1,3,1,1988,29,2,7,12,40,1,2
"1260",1,2,2,2,3,2,3,2,1983,34,2,9,15,40,1,2
"1261",1,2,2,2,3,8,2,1,1963,54,2,2,2,40,1,2
"1262",1,2,2,2,4,8,2,2,1984,33,2,6,10,40,1,2
"1263",1,2,2,2,8,2,2,1,1955,62,2,3,6,40,1,1
"1264",1,2,2,2,4,3,8,2,1985,32,2,3,6,40,1,1
"1265",1,2,2,2,3,3,2,1,1970,47,2,6,9,40,1,2
"1266",1,2,2,2,4,2,2,2,1970,47,4,2,-1,40,1,2
"1267",1,1,2,1,3,2,2,1,1962,55,2,5,9,40,1,1
"1268",2,2,2,2,4,8,2,2,1965,52,2,7,12,40,1,1
"1269",1,2,2,2,8,2,2,1,1979,38,2,2,3,40,1,2
"1270",1,2,2,2,8,8,2,2,1973,44,2,5,9,40,1,2
"1271",1,2,1,2,2,4,3,1,1978,39,2,2,5,10,2,1
"1272",1,2,1,2,8,2,3,2,1990,27,2,3,6,10,2,2
"1273",1,2,1,2,3,8,2,1,1959,58,2,2,4,10,2,1
"1274",2,2,1,2,3,1,2,2,1995,22,2,4,8,10,2,1
"1275",1,1,1,1,2,3,4,1,1967,50,2,4,8,10,2,1
"1276",1,2,1,2,8,4,2,2,1980,37,2,2,5,10,2,1
"1277",1,2,2,2,4,3,2,1,1966,51,2,5,9,10,2,1
"1278",1,1,1,1,1,1,1,2,1962,55,2,2,3,10,2,1
"1279",1,2,1,1,9,2,2,1,1990,27,2,5,9,10,4,1
"1280",1,2,2,2,8,3,8,2,1972,45,2,1,-1,10,2,1
"1281",1,2,1,1,2,2,3,1,1970,47,2,9,17,20,3,1
"1282",1,1,2,2,2,2,3,2,1971,46,2,7,12,20,3,2
"1283",1,2,2,2,2,2,3,1,1967,50,2,6,12,20,3,1
"1284",1,2,2,2,4,2,3,2,1980,37,2,7,9,20,1,1
"1285",1,2,2,2,2,8,3,1,1983,34,1,2,5,20,4,2
"1286",1,2,2,2,2,3,3,2,1969,48,2,7,12,10,3,1
"1287",1,2,1,2,3,1,3,1,1971,46,2,7,12,20,3,1
"1288",1,2,2,2,2,1,3,2,1988,29,1,9,15,20,1,1
"1289",1,2,1,1,3,2,3,1,1977,40,2,4,8,20,7,2
"1290",1,2,2,2,3,2,3,2,1952,65,2,3,-1,20,4,2
"1291",1,1,1,2,3,1,3,1,1991,26,2,3,6,20,4,2
"1292",1,1,2,2,3,3,4,2,1988,29,2,3,6,10,4,1
"1293",1,1,2,1,1,1,3,1,1983,34,2,7,12,10,4,2
"1294",1,1,1,1,2,2,4,2,1972,45,2,7,12,10,4,1
"1295",1,1,2,2,2,1,3,1,1980,37,2,2,3,10,4,2
"1296",1,2,2,2,2,2,3,2,1986,31,2,3,6,10,4,1
"1297",1,1,2,2,2,2,3,1,1980,37,2,3,6,20,4,1
"1298",1,2,2,2,3,1,2,2,1971,46,4,1,-1,20,4,1
"1299",1,1,2,2,2,2,3,1,1984,33,2,3,6,10,4,2
"1300",1,2,2,2,2,4,2,2,1979,38,2,3,6,10,4,1
"1301",1,2,2,2,3,2,3,1,1978,39,2,2,5,40,6,3
"1302",1,2,2,2,4,2,2,2,1982,35,2,2,6,40,7,3
"1303",1,2,2,2,3,2,3,1,1960,57,2,2,6,40,1,2
"1304",2,2,2,2,3,2,3,2,1962,55,4,2,1,40,1,2
"1305",1,2,2,2,1,3,2,1,1954,63,2,2,1,40,3,3
"1306",1,2,2,2,3,2,3,2,1978,39,2,5,10,40,1,1
"1307",1,2,2,2,4,2,3,1,1975,42,2,5,9,40,1,2
"1308",1,2,2,2,3,2,2,2,1964,53,2,1,-1,40,3,3
"1309",8,2,2,2,3,2,2,1,1997,20,1,5,12,40,3,2
"1310",1,2,2,2,3,1,3,2,1975,42,2,2,3,40,7,3
"1311",1,2,1,2,2,1,3,1,1970,47,2,5,9,20,4,2
"1312",1,2,2,2,3,1,3,2,1986,31,2,7,12,20,4,3
"1313",1,2,2,2,4,1,1,1,1970,47,2,2,5,20,4,3
"1314",1,2,2,2,2,1,2,2,1980,37,2,4,7,20,4,2
"1315",1,2,1,2,1,2,3,1,1955,62,2,4,8,20,4,2
"1316",1,2,1,2,3,1,3,2,1972,45,2,3,6,20,4,2
"1317",1,2,1,2,2,1,1,1,1988,29,2,7,12,10,4,9
"1318",1,1,1,2,2,1,4,2,1987,30,2,3,6,20,4,2
"1319",1,2,2,2,2,1,2,1,1958,59,2,4,7,20,4,3
"1320",1,2,2,2,3,1,2,2,1972,45,2,4,12,20,4,2
"1321",1,2,2,2,3,1,3,1,1944,73,2,2,4,60,1,1
"1322",1,2,2,1,4,1,4,2,1979,38,2,9,18,40,1,2
"1323",1,2,2,2,4,2,2,1,1962,55,2,2,3,40,1,1
"1324",1,2,2,2,3,1,3,2,1966,51,4,1,-1,40,1,2
"1325",2,2,2,2,2,2,3,1,1979,38,2,6,11,40,7,2
"1326",1,2,2,2,4,2,3,2,1955,62,4,4,7,40,1,1
"1327",1,2,2,2,3,2,3,1,1996,21,1,8,14,40,2,2
"1328",1,2,2,2,2,2,3,2,1952,65,4,4,7,40,1,2
"1329",1,2,2,2,4,1,2,1,1947,70,2,4,8,40,1,1
"1330",2,2,1,1,1,2,3,2,1966,51,1,9,16,10,1,2
"1331",1,1,2,2,3,1,2,1,1986,31,2,7,12,40,2,2
"1332",1,2,2,2,4,2,3,2,1995,22,1,4,6,40,1,2
"1333",1,2,2,2,3,2,2,1,1973,44,2,3,6,40,3,2
"1334",1,1,2,2,3,2,2,2,1953,64,4,3,6,40,7,3
"1335",1,2,2,2,3,3,2,1,1970,47,2,7,13,40,3,2
"1336",1,1,2,2,4,3,2,2,1971,46,4,4,8,40,1,2
"1337",1,1,2,2,2,2,3,1,1980,37,2,3,6,40,1,2
"1338",1,1,2,2,4,3,3,2,1988,29,2,7,12,40,1,1
"1339",1,1,2,2,2,3,2,1,1967,50,2,9,17,40,3,2
"1340",1,1,2,2,3,3,2,2,1959,58,2,3,6,40,1,2
"1341",1,2,2,2,3,2,2,1,1956,61,2,2,4,40,1,2
"1342",1,2,2,2,4,2,2,2,1971,46,2,2,5,40,1,2
"1343",1,1,1,2,3,2,2,1,1963,54,2,3,6,40,1,2
"1344",1,1,2,2,4,2,2,2,1958,59,2,2,3,40,1,2
"1345",1,2,2,1,2,2,1,1,1973,44,2,4,7,40,1,2
"1346",1,2,2,2,3,2,3,2,1978,39,2,3,6,40,1,2
"1347",1,2,2,2,3,2,3,1,1990,27,1,9,17,40,1,2
"1348",1,2,2,2,4,2,2,2,1966,51,2,1,-1,40,1,2
"1349",1,2,2,2,3,1,3,1,1954,63,2,3,6,40,1,2
"1350",1,2,2,2,4,2,2,2,1978,39,2,2,4,40,1,2
"1351",1,2,2,2,3,2,3,1,1956,61,2,7,12,40,1,2
"1352",1,2,2,2,2,2,3,2,1985,32,2,5,9,40,1,2
"1353",1,2,2,2,3,2,2,1,1977,40,2,7,12,40,1,2
"1354",1,2,2,2,4,2,3,2,1963,54,2,7,12,40,1,2
"1355",1,2,2,2,4,2,3,1,1942,75,4,9,15,40,1,2
"1356",1,2,2,2,3,2,3,2,1952,65,4,7,12,40,1,2
"1357",1,2,2,2,4,2,3,1,1945,72,2,2,1,40,1,2
"1358",1,2,2,2,4,2,3,2,1985,32,2,7,12,40,1,2
"1359",1,2,2,2,4,2,3,1,1963,54,2,9,15,40,1,2
"1360",1,2,2,2,4,2,3,2,1958,59,2,10,21,40,1,2
"1361",1,8,1,2,3,9,8,1,1969,48,2,7,12,40,1,9
"1362",1,2,2,2,1,2,3,2,1997,20,1,7,12,40,1,1
"1363",1,8,2,2,1,1,3,1,1990,27,2,7,12,40,1,3
"1364",1,1,2,2,2,2,3,2,1969,48,2,2,4,40,1,1
"1365",1,2,2,2,3,2,3,1,1996,21,1,7,12,40,1,3
"1366",1,8,1,2,2,9,8,2,1976,41,1,7,12,40,1,9
"1367",1,1,2,8,4,2,3,1,1996,21,2,2,3,40,1,2
"1368",1,1,2,2,3,1,4,2,1980,37,2,2,4,40,1,1
"1369",1,1,2,2,2,9,8,1,1968,49,2,7,15,40,1,9
"1370",1,8,2,2,3,2,3,2,1962,55,4,2,3,40,1,3
"1371",1,2,2,2,3,2,3,1,1957,60,2,9,15,40,1,2
"1372",1,2,2,2,2,2,3,2,1994,23,1,9,15,20,1,2
"1373",2,2,2,2,3,2,3,1,1979,38,2,7,12,40,1,2
"1374",1,2,2,2,3,2,3,2,1991,26,1,9,16,40,1,2
"1375",1,2,2,2,3,2,3,1,1977,40,2,7,12,40,1,3
"1376",1,2,2,2,3,1,4,2,1979,38,2,7,12,40,1,2
"1377",1,2,1,2,2,1,3,1,1996,21,1,7,12,40,1,1
"1378",1,2,2,2,3,2,3,2,1977,40,2,5,9,40,1,2
"1379",1,1,2,2,2,2,2,1,1958,59,2,4,8,10,1,1
"1380",1,1,2,2,3,2,3,2,1968,49,2,5,9,40,1,3
"1381",1,2,2,1,2,1,3,1,1969,48,2,9,14,40,1,3
"1382",1,2,1,2,4,1,3,2,1949,68,2,3,6,40,1,1
"1383",1,2,2,2,3,1,3,1,1953,64,2,7,12,40,1,1
"1384",1,1,1,2,3,2,3,2,1975,42,2,3,6,40,1,1
"1385",1,2,1,2,2,1,2,1,1975,42,2,3,6,40,8,3
"1386",1,1,2,2,3,1,3,2,1997,20,1,7,12,40,6,3
"1387",1,2,1,1,2,2,2,1,1983,34,2,5,9,40,2,3
"1388",1,1,1,2,3,1,3,2,1981,36,2,7,12,40,2,2
"1389",1,2,2,2,2,8,3,1,1973,44,2,5,9,40,99,9
"1390",1,2,2,2,3,3,2,2,1989,28,2,7,12,40,1,2
"1391",1,2,2,2,3,2,3,1,1955,62,2,2,3,20,4,2
"1392",1,2,2,2,4,3,4,2,1979,38,2,7,12,20,3,2
"1393",1,2,2,2,3,2,4,1,1985,32,2,9,17,10,3,2
"1394",1,2,2,2,4,2,4,2,1949,68,2,3,6,20,3,2
"1395",1,2,2,2,4,3,3,1,1962,55,2,2,3,20,3,2
"1396",1,2,2,2,4,3,4,2,1985,32,2,4,7,10,3,2
"1397",1,2,2,2,4,3,1,1,1985,32,2,5,6,10,3,2
"1398",1,2,2,2,4,2,4,2,1978,39,2,5,6,10,3,2
"1399",1,2,2,2,4,4,4,1,1948,69,2,2,4,20,3,1
"1400",1,2,2,2,4,2,3,2,1965,52,2,7,12,10,3,2
"1401",1,1,1,1,2,1,3,1,1980,37,2,4,8,40,1,1
"1402",1,1,1,1,3,1,2,2,1977,40,2,2,4,40,8,3
"1403",1,2,2,2,4,2,3,1,1950,67,2,2,5,40,1,1
"1404",2,2,2,2,3,2,3,2,1981,36,2,1,-1,40,8,2
"1405",1,1,2,2,2,2,3,1,1995,22,1,7,12,40,4,1
"1406",1,2,2,2,4,2,3,2,1955,62,2,2,2,40,7,2
"1407",1,1,1,2,1,1,3,1,1984,33,2,3,6,40,4,2
"1408",1,1,2,2,2,1,3,2,1979,38,2,3,6,40,4,2
"1409",1,1,2,1,2,2,3,1,1985,32,1,1,-1,40,4,1
"1410",1,2,2,2,3,1,2,2,1995,22,2,3,6,40,4,2
"1411",1,1,2,2,2,2,2,1,1979,38,2,5,12,40,1,2
"1412",1,1,2,2,3,2,1,2,1984,33,2,5,12,40,1,2
"1413",1,1,2,2,4,1,2,1,1981,36,2,5,9,40,3,3
"1414",1,2,2,2,3,1,1,2,1980,37,2,7,12,40,1,2
"1415",1,1,2,2,2,2,3,1,1975,42,2,5,9,40,3,3
"1416",1,2,1,2,2,2,2,2,1986,31,2,3,6,40,3,3
"1417",1,1,1,2,2,2,1,1,1965,52,2,5,9,40,1,2
"1418",1,1,1,2,2,2,2,2,1981,36,2,5,9,40,2,3
"1419",1,2,2,2,3,2,1,1,1964,53,2,3,6,40,3,3
"1420",1,2,2,2,3,2,1,2,1980,37,2,3,6,40,3,3
"1421",2,2,2,2,4,2,2,1,1970,47,2,7,13,40,1,1
"1422",1,2,2,2,8,2,2,2,1963,54,2,7,13,40,1,1
"1423",1,2,2,2,3,2,2,1,1958,59,2,7,12,20,3,2
"1424",1,2,2,2,4,2,3,2,1990,27,1,9,10,40,1,2
"1425",1,1,2,2,1,1,3,1,1979,38,2,7,12,40,2,2
"1426",1,2,2,8,8,2,2,2,1943,74,2,3,6,20,3,1
"1427",1,2,1,2,3,2,2,1,1960,57,2,9,18,40,1,2
"1428",1,8,2,2,8,2,2,2,1972,45,2,4,8,40,1,2
"1429",1,1,2,2,3,2,2,1,1993,24,1,8,14,40,3,3
"1430",1,2,2,2,8,2,2,2,1990,27,1,8,12,40,1,2
"1431",1,1,1,2,3,1,3,1,1978,39,2,5,9,40,1,2
"1432",1,2,1,2,3,2,3,2,1963,54,2,3,6,40,1,2
"1433",1,1,1,1,2,2,1,1,1974,43,2,7,12,40,1,2
"1434",1,2,2,2,3,1,2,2,1991,26,2,3,6,40,1,2
"1435",1,2,1,2,3,1,2,1,1984,33,2,2,2,40,1,2
"1436",1,2,2,2,4,1,2,2,1960,57,2,3,6,40,1,2
"1437",1,2,2,2,4,2,3,1,1995,22,2,2,3,40,1,2
"1438",1,2,2,2,4,1,2,2,1963,54,2,1,-1,40,1,2
"1439",1,1,1,1,2,1,3,1,1980,37,2,9,12,40,1,1
"1440",1,1,1,2,3,1,3,2,1986,31,2,3,6,40,1,2
"1441",1,2,2,2,4,2,3,1,1933,84,2,5,9,40,1,2
"1442",1,2,2,2,4,8,8,2,1973,44,2,6,10,40,2,2
"1443",1,2,2,1,4,2,2,1,1994,23,1,7,19,40,99,3
"1444",1,8,2,2,3,1,1,2,1953,64,2,2,4,40,2,1
"1445",2,2,2,2,4,8,3,1,1956,61,2,8,14,40,2,2
"1446",1,1,2,1,4,1,2,2,1948,69,2,5,6,40,1,1
"1447",1,2,8,2,3,2,1,1,1953,64,2,4,8,40,1,2
"1448",1,2,2,2,2,2,3,2,1979,38,2,2,1,40,2,2
"1449",1,2,2,2,2,1,1,1,1992,25,1,7,12,40,1,2
"1450",2,2,2,8,3,2,1,2,1972,45,1,7,12,40,2,2
"1451",1,2,2,2,3,8,8,1,1965,52,2,1,-1,40,3,3
"1452",1,1,1,1,3,8,8,2,1994,23,1,7,12,40,3,3
"1453",1,2,2,2,3,8,3,1,1979,38,2,3,6,40,7,3
"1454",1,2,2,2,3,8,8,2,1961,56,2,2,-1,40,2,3
"1455",2,2,2,2,8,8,8,1,-1,-1,2,1,-1,40,7,3
"1456",1,2,2,2,3,3,8,2,1965,52,2,1,-1,40,7,9
"1457",1,2,2,2,3,8,3,1,1965,52,2,3,6,40,3,3
"1458",1,2,2,2,3,8,8,2,1955,62,4,1,-1,50,1,2
"1459",1,2,2,2,3,8,3,1,1973,44,2,3,6,40,1,2
"1460",1,2,2,2,3,8,3,2,1965,52,2,3,6,40,1,2
"1461",1,2,1,1,3,3,2,1,1977,40,2,2,5,40,1,2
"1462",1,1,2,1,3,2,3,2,1970,47,1,7,12,40,1,2
"1463",1,2,1,1,2,2,3,1,1954,63,2,10,19,40,1,2
"1464",1,1,1,2,4,2,3,2,1981,36,2,5,9,40,1,2
"1465",1,1,1,1,3,2,2,1,1962,55,2,7,13,40,1,2
"1466",1,1,1,2,3,2,3,2,1987,30,2,6,10,40,1,2
"1467",8,0,0,0,2,2,2,1,1963,54,2,9,16,40,1,2
"1468",1,2,1,1,3,2,4,2,1982,35,2,5,10,40,1,2
"1469",1,2,2,1,3,2,2,1,-1,-1,2,2,3,99,99,9
"1470",1,1,1,1,3,2,2,2,1992,25,2,3,6,40,1,2
"1471",1,1,1,2,3,3,2,1,1953,64,2,1,-1,40,1,1
"1472",1,2,2,2,2,2,3,2,1996,21,1,7,-1,40,5,3
"1473",1,1,2,2,3,2,2,1,1991,26,1,7,12,40,3,2
"1474",1,2,2,2,3,2,3,2,1982,35,2,6,10,40,3,3
"1475",1,2,2,2,4,2,3,1,1961,56,2,4,7,40,3,2
"1476",1,2,2,2,4,1,4,2,1978,39,2,3,6,40,1,2
"1477",1,1,2,2,4,3,2,1,1961,56,2,3,6,40,1,2
"1478",1,2,2,2,4,3,3,2,1977,40,2,5,9,40,1,2
"1479",1,2,2,2,4,1,3,1,1968,49,2,5,8,40,1,1
"1480",2,2,2,2,3,1,3,2,1970,47,2,7,12,40,1,2
"1481",1,2,2,2,4,2,2,1,1986,31,2,6,12,40,1,2
"1482",1,2,1,1,2,1,2,2,1981,36,4,6,10,40,1,2
"1483",1,1,1,2,4,2,2,1,1988,29,2,8,13,40,1,2
"1484",1,1,1,2,4,2,2,2,1983,34,2,3,6,40,2,2
"1485",1,2,1,2,3,2,2,1,1975,42,2,6,12,40,1,2
"1486",1,1,2,2,4,2,3,2,1965,52,2,3,6,40,1,2
"1487",1,1,1,2,4,2,2,1,1968,49,2,3,6,40,2,2
"1488",1,2,2,2,8,2,2,2,1975,42,2,3,6,40,6,9
"1489",1,1,2,2,4,2,2,1,1992,25,2,2,3,40,3,2
"1490",1,2,2,2,4,2,3,2,1979,38,2,4,9,40,3,2
"1491",1,2,2,2,3,8,2,1,1972,45,2,5,9,40,4,1
"1492",2,2,2,2,3,2,3,2,1993,24,2,7,12,40,3,1
"1493",1,2,2,2,2,2,3,1,1987,30,2,3,9,40,1,2
"1494",1,2,2,2,4,2,3,2,1967,50,2,1,-1,40,1,2
"1495",1,2,2,2,3,2,3,1,1990,27,2,5,-1,40,4,2
"1496",1,2,2,2,3,2,3,2,1971,46,2,3,7,40,1,2
"1497",1,2,2,8,3,2,3,1,1980,37,2,7,12,40,1,3
"1498",1,2,8,2,2,2,3,2,1993,24,1,7,12,40,1,3
"1499",1,2,1,2,3,2,3,1,1991,26,2,3,8,40,4,2
"1500",2,2,2,2,4,8,8,2,-1,-1,2,3,7,40,2,2
"1501",1,1,2,2,2,2,3,1,1983,34,2,5,12,20,3,1
"1502",1,2,2,2,3,2,3,2,1950,67,2,3,6,20,1,1
"1503",1,2,2,2,4,2,2,1,1982,35,2,3,8,20,3,2
"1504",1,2,2,2,2,2,3,2,1981,36,2,9,16,20,3,1
"1505",1,1,2,2,2,3,2,1,1979,38,2,5,12,20,3,1
"1506",1,2,2,2,4,2,3,2,1958,59,1,3,6,20,1,1
"1507",1,2,2,2,2,2,3,1,1966,51,2,8,15,40,1,1
"1508",1,2,2,2,4,2,3,2,1962,55,4,3,6,40,1,2
"1509",1,2,2,2,3,2,3,1,1963,54,2,3,6,40,1,1
"1510",1,2,2,2,4,4,3,2,1986,31,2,3,6,40,2,2
"1511",1,2,2,2,2,1,2,1,1948,69,2,3,6,40,1,2
"1512",1,2,2,2,2,2,3,2,1987,30,2,7,12,40,3,2
"1513",1,2,2,2,2,1,2,1,1981,36,2,7,12,40,2,2
"1514",1,2,1,2,3,2,3,2,1974,43,2,5,12,40,1,2
"1515",1,1,2,2,2,1,2,1,1982,35,2,7,12,40,1,2
"1516",1,2,2,2,2,1,3,2,1979,38,2,3,6,40,99,2
"1517",1,1,2,2,2,1,3,1,1965,52,2,7,12,40,2,2
"1518",1,2,2,2,3,2,3,2,1975,42,2,3,6,40,3,2
"1519",1,1,2,2,2,1,2,1,1984,33,2,7,12,40,1,2
"1520",1,2,2,2,3,1,3,2,1989,28,2,7,12,40,1,1
"1521",1,1,2,2,3,2,3,1,1966,51,2,7,12,40,1,2
"1522",2,2,2,2,3,3,3,2,1997,20,1,8,16,40,1,2
"1523",2,2,2,9,4,3,3,1,1981,36,2,5,9,20,4,2
"1524",2,2,2,2,8,3,3,2,1985,32,2,7,12,20,4,2
"1525",1,1,2,2,2,3,3,1,1971,46,2,7,12,20,4,2
"1526",2,2,2,2,4,3,3,2,1991,26,1,8,12,20,3,2
"1527",2,2,2,2,4,4,3,1,1964,53,2,5,9,20,2,2
"1528",2,2,2,2,4,4,4,2,1992,25,2,5,9,10,99,9
"1529",1,2,2,2,3,3,3,1,1997,20,1,8,12,40,1,2
"1530",1,2,9,2,4,3,4,2,1980,37,2,7,12,40,1,2
"1531",1,2,2,2,4,1,3,2,1975,42,2,2,-1,40,1,2
"1532",2,2,2,2,4,7,3,1,1965,52,2,9,22,10,1,2
"1533",1,1,1,1,3,1,3,2,1982,35,4,3,6,20,2,1
"1534",1,1,1,2,1,1,4,2,1974,43,2,2,-1,20,2,2
"1535",1,1,2,1,3,2,3,1,1966,51,2,3,6,20,3,2
"1536",1,2,2,2,4,1,4,1,1995,22,1,7,12,20,4,2
"1537",1,2,2,2,4,1,4,1,1995,22,1,7,12,10,4,3
"1538",1,1,8,8,2,1,3,2,1972,45,2,3,6,20,2,2
"1539",1,2,2,2,2,1,4,2,1992,25,2,2,2,20,4,2
"1540",2,2,2,2,4,1,4,1,1948,69,2,1,-1,20,3,2
"1541",2,2,2,2,4,3,4,1,1982,35,2,7,12,40,1,2
"1542",1,2,2,2,3,2,3,2,1966,51,2,7,12,10,3,2
"1543",1,1,1,2,2,2,3,1,1977,40,2,9,16,20,1,1
"1544",1,1,2,2,4,2,2,2,1975,42,1,4,8,40,1,2
"1545",1,2,2,2,4,2,3,1,1972,45,2,7,12,40,1,2
"1546",2,2,2,2,3,1,3,2,1984,33,2,7,12,40,1,1
"1547",1,2,2,2,2,3,4,1,1959,58,2,10,20,20,3,2
"1548",1,1,2,2,3,3,3,2,1975,42,2,9,16,20,3,2
"1549",1,2,2,2,1,1,1,1,1960,57,2,10,21,40,1,1
"1550",1,2,2,2,3,2,3,2,1963,54,3,9,20,20,3,1
